osmId,priority,score,changeType,editTime,afterOvertureRelease,areaM2,coverageCurrent,height,levels,label,addressStreet,reviewReason,decision
1042202428,high,4,added,2026-07-02T11:08:36Z,False,1598.3,0.4107,,3,OSM 1042202428,,"footprint rất lớn, có thuộc tính chiều cao",manual_review_required
1041369462,high,4,modified,2026-06-01T02:51:37Z,False,1149.7,0.3665,,12,Bệnh Viện Hoàn Mỹ,,"footprint lớn, có thuộc tính chiều cao, có thuộc tính nhận dạng",manual_review_required
1536912123,high,4,added,2026-07-12T12:30:08Z,False,485.1,0.6785,,11,Tổng Công ty Công Nghiệp Sài Gòn,Nguyễn Tất Thành,"footprint lớn, có thuộc tính chiều cao, có thuộc tính nhận dạng",manual_review_required
1551671363,high,4,added,2026-08-23T08:07:15Z,True,235.9,0.2286,,,OSM 1551671363,,"biến động sau snapshot Overture, chồng phủ nền thấp",manual_review_required
1551671365,high,4,added,2026-08-23T08:07:15Z,True,226.2,0.3025,,,OSM 1551671365,Phùng Văn Cung,"biến động sau snapshot Overture, có thuộc tính nhận dạng",manual_review_required
1537771701,high,4,added,2026-07-12T19:55:45Z,False,172.5,0.2689,,3,OSM 1537771701,Đường Đoàn Như Hài,"có thuộc tính chiều cao, có thuộc tính nhận dạng, chồng phủ nền thấp",manual_review_required
1540220220,high,4,added,2026-07-18T10:31:10Z,False,153.4,0.2117,,5,OSM 1540220220,Nguyễn Trường Tộ,"có thuộc tính chiều cao, có thuộc tính nhận dạng, chồng phủ nền thấp",manual_review_required
1540326736,high,4,added,2026-07-18T19:45:00Z,False,118.8,0.1575,,4.5,OSM 1540326736,Hoàng Diệu,"có thuộc tính chiều cao, có thuộc tính nhận dạng, chồng phủ nền thấp",manual_review_required
1537743098,high,4,added,2026-07-12T17:49:16Z,False,106.2,0.1982,,2,OSM 1537743098,Hoàng Diệu,"có thuộc tính chiều cao, có thuộc tính nhận dạng, chồng phủ nền thấp",manual_review_required
1540100843,high,4,added,2026-07-17T19:08:24Z,False,106.0,0.1974,,3.5,OSM 1540100843,Hoàng Diệu,"có thuộc tính chiều cao, có thuộc tính nhận dạng, chồng phủ nền thấp",manual_review_required
1537743096,high,4,added,2026-07-12T17:49:16Z,False,105.9,0.1816,,3,OSM 1537743096,Hoàng Diệu,"có thuộc tính chiều cao, có thuộc tính nhận dạng, chồng phủ nền thấp",manual_review_required
1537743094,high,4,added,2026-07-12T17:49:16Z,False,105.8,0.2273,,2,OSM 1537743094,Hoàng Diệu,"có thuộc tính chiều cao, có thuộc tính nhận dạng, chồng phủ nền thấp",manual_review_required
1537679363,high,4,added,2026-07-12T12:30:08Z,False,104.9,0.2453,,2,OSM 1537679363,Nguyễn Tất Thành,"có thuộc tính chiều cao, có thuộc tính nhận dạng, chồng phủ nền thấp",manual_review_required
1537679358,high,4,added,2026-07-12T12:30:08Z,False,104.8,0.1156,,2,OSM 1537679358,Nguyễn Tất Thành,"có thuộc tính chiều cao, có thuộc tính nhận dạng, chồng phủ nền thấp",manual_review_required
1537679352,high,4,added,2026-07-12T12:30:08Z,False,104.4,0.2309,,2,OSM 1537679352,Nguyễn Tất Thành,"có thuộc tính chiều cao, có thuộc tính nhận dạng, chồng phủ nền thấp",manual_review_required
1537771709,high,4,added,2026-07-12T19:55:45Z,False,99.1,0.2225,,1,OSM 1537771709,Đường Đoàn Như Hài,"có thuộc tính chiều cao, có thuộc tính nhận dạng, chồng phủ nền thấp",manual_review_required
1540059800,high,4,added,2026-07-17T19:08:24Z,False,95.4,0.2068,,1,OSM 1540059800,Hoàng Diệu,"có thuộc tính chiều cao, có thuộc tính nhận dạng, chồng phủ nền thấp",manual_review_required
1540059798,high,4,added,2026-07-17T19:08:24Z,False,95.2,0.2619,,1,OSM 1540059798,Hoàng Diệu,"có thuộc tính chiều cao, có thuộc tính nhận dạng, chồng phủ nền thấp",manual_review_required
1540059799,high,4,added,2026-07-17T19:08:24Z,False,95.2,0.1396,,1,OSM 1540059799,Hoàng Diệu,"có thuộc tính chiều cao, có thuộc tính nhận dạng, chồng phủ nền thấp",manual_review_required
1537679368,high,4,added,2026-07-12T12:30:08Z,False,83.4,0.1908,,1,OSM 1537679368,Nguyễn Tất Thành,"có thuộc tính chiều cao, có thuộc tính nhận dạng, chồng phủ nền thấp",manual_review_required
1536912098,high,4,added,2026-07-09T16:54:06Z,False,78.4,0.275,,4,OSM 1536912098,Hoàng Diệu,"có thuộc tính chiều cao, có thuộc tính nhận dạng, chồng phủ nền thấp",manual_review_required
1540326751,high,4,added,2026-07-18T19:45:00Z,False,77.6,0.1357,,6,OSM 1540326751,Lê Văn Linh,"có thuộc tính chiều cao, có thuộc tính nhận dạng, chồng phủ nền thấp",manual_review_required
1540236903,high,4,added,2026-07-18T12:16:53Z,False,77.0,0.2181,,4,OSM 1540236903,Nguyễn Trường Tộ,"có thuộc tính chiều cao, có thuộc tính nhận dạng, chồng phủ nền thấp",manual_review_required
1540220228,high,4,added,2026-07-18T10:31:10Z,False,76.9,0.2941,,2,OSM 1540220228,Nguyễn Trường Tộ,"có thuộc tính chiều cao, có thuộc tính nhận dạng, chồng phủ nền thấp",manual_review_required
1540220216,high,4,added,2026-07-18T10:31:10Z,False,76.8,0.1197,,2.5,OSM 1540220216,Nguyễn Trường Tộ,"có thuộc tính chiều cao, có thuộc tính nhận dạng, chồng phủ nền thấp",manual_review_required
1540220212,high,4,added,2026-07-18T10:31:10Z,False,76.7,0.2747,,4.5,OSM 1540220212,Nguyễn Trường Tộ,"có thuộc tính chiều cao, có thuộc tính nhận dạng, chồng phủ nền thấp",manual_review_required
1540220221,high,4,added,2026-07-18T10:31:10Z,False,76.7,0.1141,,2,OSM 1540220221,Nguyễn Trường Tộ,"có thuộc tính chiều cao, có thuộc tính nhận dạng, chồng phủ nền thấp",manual_review_required
1540220214,high,4,added,2026-07-18T10:31:10Z,False,76.6,0.2136,,3,OSM 1540220214,Nguyễn Trường Tộ,"có thuộc tính chiều cao, có thuộc tính nhận dạng, chồng phủ nền thấp",manual_review_required
1540326754,high,4,added,2026-07-18T19:45:00Z,False,71.5,0.1657,,3,OSM 1540326754,Lê Văn Linh,"có thuộc tính chiều cao, có thuộc tính nhận dạng, chồng phủ nền thấp",manual_review_required
1558986986,high,4,added,2026-09-15T03:40:30Z,True,62.1,0.3668,,,OSM 1558986986,Võ Văn Kiệt,"biến động sau snapshot Overture, có thuộc tính nhận dạng",manual_review_required
1558986983,high,4,added,2026-09-15T03:40:30Z,True,62.0,0.5984,,,OSM 1558986983,Võ Văn Kiệt,"biến động sau snapshot Overture, có thuộc tính nhận dạng",manual_review_required
683697194,medium,3,modified,2026-07-07T17:54:40Z,False,326.0,0.667,,5,OSM 683697194,Đường Đoàn Như Hài,"có thuộc tính chiều cao, có thuộc tính nhận dạng",manual_review_required
1537771717,medium,3,added,2026-08-01T12:46:56Z,False,265.5,0.5754,,10,Thuế cơ sở 4 Thành phố Hồ Chí Minh,Hẻm 37 Đường Đoàn Như Hài,"có thuộc tính chiều cao, có thuộc tính nhận dạng",manual_review_required
1536912116,medium,3,added,2026-07-09T16:54:06Z,False,244.9,0.5663,,1,OSM 1536912116,Nguyễn Tất Thành,"có thuộc tính chiều cao, có thuộc tính nhận dạng",manual_review_required
1540326750,medium,3,added,2026-07-18T19:45:00Z,False,237.3,0.5047,,4.5,TPBank,Hoàng Diệu,"có thuộc tính chiều cao, có thuộc tính nhận dạng",manual_review_required
683697190,medium,3,modified,2026-07-09T16:54:06Z,False,224.4,0.4416,,"7,5",ACB,Hoàng Diệu,"có thuộc tính chiều cao, có thuộc tính nhận dạng",manual_review_required
402661051,medium,3,modified,2026-07-09T16:54:06Z,False,222.0,0.4385,,2.5,OSM 402661051,Nguyễn Tất Thành,"có thuộc tính chiều cao, có thuộc tính nhận dạng",manual_review_required
683697158,medium,3,modified,2026-07-09T16:54:06Z,False,219.7,0.4187,,"2,5",Khách sạn Cảng Sài Gòn,Nguyễn Tất Thành,"có thuộc tính chiều cao, có thuộc tính nhận dạng",manual_review_required
683697170,medium,3,modified,2026-07-17T10:10:22Z,False,211.8,0.3218,,7,Nam A Bank,Hoàng Diệu,"có thuộc tính chiều cao, có thuộc tính nhận dạng",manual_review_required
683697192,medium,3,modified,2026-07-12T19:55:45Z,False,193.6,0.4723,,8,Viễn Đông Building,Đường Đoàn Như Hài,"có thuộc tính chiều cao, có thuộc tính nhận dạng",manual_review_required
683697166,medium,3,modified,2026-07-12T19:55:45Z,False,176.7,0.5942,,8,Narime Building,Đường Đoàn Như Hài,"có thuộc tính chiều cao, có thuộc tính nhận dạng",manual_review_required
1540100840,medium,3,added,2026-07-17T19:08:24Z,False,167.0,0.4323,,7.5,OSM 1540100840,Hoàng Diệu,"có thuộc tính chiều cao, có thuộc tính nhận dạng",manual_review_required
1537679370,medium,3,added,2026-07-12T12:30:08Z,False,147.1,0.5408,,7,Quỳnh Khang Apartment,,"có thuộc tính chiều cao, có thuộc tính nhận dạng",manual_review_required
1537679365,medium,3,added,2026-07-12T12:30:08Z,False,142.5,0.3113,,1,OSM 1537679365,Nguyễn Tất Thành,"có thuộc tính chiều cao, có thuộc tính nhận dạng",manual_review_required
1536912117,medium,3,added,2026-07-09T16:54:06Z,False,124.3,0.3421,,1,OSM 1536912117,Nguyễn Tất Thành,"có thuộc tính chiều cao, có thuộc tính nhận dạng",manual_review_required
1536912111,medium,3,added,2026-07-09T16:54:06Z,False,122.9,0.4354,,2,OSM 1536912111,Nguyễn Tất Thành,"có thuộc tính chiều cao, có thuộc tính nhận dạng",manual_review_required
683697160,medium,3,modified,2026-07-09T16:54:06Z,False,122.3,0.4246,,1,OSM 683697160,Nguyễn Tất Thành,"có thuộc tính chiều cao, có thuộc tính nhận dạng",manual_review_required
1540326753,medium,3,added,2026-07-18T19:45:00Z,False,118.8,0.5721,,6,OSM 1540326753,Hoàng Diệu,"có thuộc tính chiều cao, có thuộc tính nhận dạng",manual_review_required
1540326745,medium,3,added,2026-07-18T19:45:00Z,False,118.7,0.4303,,3,OSM 1540326745,Hoàng Diệu,"có thuộc tính chiều cao, có thuộc tính nhận dạng",manual_review_required
1540100839,medium,3,added,2026-07-18T10:31:10Z,False,118.5,0.3985,,7,Bảo hiểm Xã hội cơ sở Xóm Chiếu,Nguyễn Trường Tộ,"có thuộc tính chiều cao, có thuộc tính nhận dạng",manual_review_required
1536912108,medium,3,added,2026-07-09T16:54:06Z,False,114.1,0.6407,,5.5,OSM 1536912108,Đường Đoàn Như Hài,"có thuộc tính chiều cao, có thuộc tính nhận dạng",manual_review_required
1536298161,medium,3,added,2026-07-07T17:54:40Z,False,106.5,0.427,,2,OSM 1536298161,Đường Đoàn Như Hài,"có thuộc tính chiều cao, có thuộc tính nhận dạng",manual_review_required
1540100841,medium,3,added,2026-07-17T19:08:24Z,False,106.5,0.4388,,7,OSM 1540100841,Hoàng Diệu,"có thuộc tính chiều cao, có thuộc tính nhận dạng",manual_review_required
1537743101,medium,3,added,2026-07-12T17:49:16Z,False,106.1,0.3811,,4.5,OSM 1537743101,Hoàng Diệu,"có thuộc tính chiều cao, có thuộc tính nhận dạng",manual_review_required
1540100844,medium,3,added,2026-07-17T19:08:24Z,False,106.1,0.5463,,4,OSM 1540100844,Hoàng Diệu,"có thuộc tính chiều cao, có thuộc tính nhận dạng",manual_review_required
1537743103,medium,3,added,2026-07-12T17:49:16Z,False,106.0,0.5231,,4.5,OSM 1537743103,Hoàng Diệu,"có thuộc tính chiều cao, có thuộc tính nhận dạng",manual_review_required
1539992513,medium,3,added,2026-07-17T10:10:22Z,False,106.0,0.3828,,2,OSM 1539992513,Hoàng Diệu,"có thuộc tính chiều cao, có thuộc tính nhận dạng",manual_review_required
1539992518,medium,3,added,2026-07-17T10:10:22Z,False,106.0,0.3043,,2.5,OSM 1539992518,Hoàng Diệu,"có thuộc tính chiều cao, có thuộc tính nhận dạng",manual_review_required
1539992512,medium,3,added,2026-07-17T10:10:22Z,False,105.8,0.348,,8,Tòa nhà văn phòng Trường Dũng,Hoàng Diệu,"có thuộc tính chiều cao, có thuộc tính nhận dạng",manual_review_required
1539992515,medium,3,added,2026-07-17T10:10:22Z,False,105.8,0.4996,,8,OSM 1539992515,Hoàng Diệu,"có thuộc tính chiều cao, có thuộc tính nhận dạng",manual_review_required
1539992519,medium,3,added,2026-07-17T10:10:22Z,False,105.8,0.5038,,2,OSM 1539992519,Hoàng Diệu,"có thuộc tính chiều cao, có thuộc tính nhận dạng",manual_review_required
1537679355,medium,3,added,2026-07-12T12:30:08Z,False,105.2,0.3902,,2,OSM 1537679355,Nguyễn Tất Thành,"có thuộc tính chiều cao, có thuộc tính nhận dạng",manual_review_required
1540236904,medium,3,added,2026-07-18T12:16:53Z,False,101.3,0.5363,,5,OSM 1540236904,Đường Đoàn Như Hài,"có thuộc tính chiều cao, có thuộc tính nhận dạng",manual_review_required
1536912094,medium,3,added,2026-07-09T16:54:06Z,False,96.8,0.5436,,2,OSM 1536912094,Nguyễn Tất Thành,"có thuộc tính chiều cao, có thuộc tính nhận dạng",manual_review_required
1540059790,medium,3,added,2026-07-17T15:45:44Z,False,95.3,0.3118,,1,OSM 1540059790,Hoàng Diệu,"có thuộc tính chiều cao, có thuộc tính nhận dạng",manual_review_required
1540059792,medium,3,added,2026-07-17T15:45:44Z,False,95.3,0.3595,,1,OSM 1540059792,Hoàng Diệu,"có thuộc tính chiều cao, có thuộc tính nhận dạng",manual_review_required
1540059801,medium,3,added,2026-07-17T19:08:24Z,False,95.2,0.4253,,1,OSM 1540059801,Hoàng Diệu,"có thuộc tính chiều cao, có thuộc tính nhận dạng",manual_review_required
1540100848,medium,3,added,2026-07-18T10:31:10Z,False,91.3,0.414,,1,OSM 1540100848,Hoàng Diệu,"có thuộc tính chiều cao, có thuộc tính nhận dạng",manual_review_required
1540100847,medium,3,added,2026-07-18T10:31:10Z,False,91.2,0.3444,,0,OSM 1540100847,Hoàng Diệu,"có thuộc tính chiều cao, có thuộc tính nhận dạng",manual_review_required
1540100849,medium,3,added,2026-07-18T10:31:10Z,False,90.0,0.5565,,1,OSM 1540100849,Hoàng Diệu,"có thuộc tính chiều cao, có thuộc tính nhận dạng",manual_review_required
1540100855,medium,3,added,2026-07-18T10:31:10Z,False,89.6,0.4883,,1,OSM 1540100855,Hoàng Diệu,"có thuộc tính chiều cao, có thuộc tính nhận dạng",manual_review_required
1540100857,medium,3,added,2026-07-18T10:31:10Z,False,89.6,0.4956,,1,OSM 1540100857,Hoàng Diệu,"có thuộc tính chiều cao, có thuộc tính nhận dạng",manual_review_required
1540100846,medium,3,added,2026-07-18T10:31:10Z,False,89.1,0.3568,,1,OSM 1540100846,Hoàng Diệu,"có thuộc tính chiều cao, có thuộc tính nhận dạng",manual_review_required
1540100851,medium,3,added,2026-07-18T10:31:10Z,False,88.8,0.3206,,1,OSM 1540100851,Hoàng Diệu,"có thuộc tính chiều cao, có thuộc tính nhận dạng",manual_review_required
1540059805,medium,3,added,2026-07-17T15:45:44Z,False,88.2,0.4357,,3,OSM 1540059805,Hoàng Diệu,"có thuộc tính chiều cao, có thuộc tính nhận dạng",manual_review_required
1540059807,medium,3,added,2026-07-17T15:45:44Z,False,88.1,0.6607,,5,OSM 1540059807,Hoàng Diệu,"có thuộc tính chiều cao, có thuộc tính nhận dạng",manual_review_required
1540100853,medium,3,added,2026-07-18T10:31:10Z,False,88.0,0.4149,,1,OSM 1540100853,Hoàng Diệu,"có thuộc tính chiều cao, có thuộc tính nhận dạng",manual_review_required
1540059810,medium,3,added,2026-07-17T15:45:44Z,False,87.0,0.4344,,4,OSM 1540059810,Hoàng Diệu,"có thuộc tính chiều cao, có thuộc tính nhận dạng",manual_review_required
1540059815,medium,3,added,2026-07-17T15:45:44Z,False,86.6,0.3043,,5,OSM 1540059815,Hoàng Diệu,"có thuộc tính chiều cao, có thuộc tính nhận dạng",manual_review_required
1540326755,medium,3,added,2026-07-18T19:45:00Z,False,83.2,0.4196,,1,OSM 1540326755,Lê Văn Linh,"có thuộc tính chiều cao, có thuộc tính nhận dạng",manual_review_required
1537771700,medium,3,added,2026-07-12T19:55:45Z,False,82.7,0.3272,,5.5,OSM 1537771700,Đường Đoàn Như Hài,"có thuộc tính chiều cao, có thuộc tính nhận dạng",manual_review_required
1540236898,medium,3,added,2026-07-18T12:16:53Z,False,80.3,0.6353,,2,OSM 1540236898,Nguyễn Trường Tộ,"có thuộc tính chiều cao, có thuộc tính nhận dạng",manual_review_required
1540220209,medium,3,added,2026-07-18T10:31:10Z,False,76.8,0.5188,,3,OSM 1540220209,Nguyễn Trường Tộ,"có thuộc tính chiều cao, có thuộc tính nhận dạng",manual_review_required
1540220226,medium,3,added,2026-07-18T10:31:10Z,False,76.8,0.4108,,4,OSM 1540220226,Nguyễn Trường Tộ,"có thuộc tính chiều cao, có thuộc tính nhận dạng",manual_review_required
1540220227,medium,3,added,2026-07-18T10:31:10Z,False,76.8,0.6854,,3,OSM 1540220227,Nguyễn Trường Tộ,"có thuộc tính chiều cao, có thuộc tính nhận dạng",manual_review_required
1540220210,medium,3,added,2026-07-18T10:31:10Z,False,76.7,0.5667,,4.5,OSM 1540220210,Nguyễn Trường Tộ,"có thuộc tính chiều cao, có thuộc tính nhận dạng",manual_review_required
1540220225,medium,3,added,2026-07-18T10:31:10Z,False,76.7,0.5439,,4,OSM 1540220225,Nguyễn Trường Tộ,"có thuộc tính chiều cao, có thuộc tính nhận dạng",manual_review_required
1540220222,medium,3,added,2026-07-18T10:31:10Z,False,76.6,0.303,,1,OSM 1540220222,Nguyễn Trường Tộ,"có thuộc tính chiều cao, có thuộc tính nhận dạng",manual_review_required
1540220223,medium,3,added,2026-07-18T10:31:10Z,False,76.6,0.6685,,3,OSM 1540220223,Nguyễn Trường Tộ,"có thuộc tính chiều cao, có thuộc tính nhận dạng",manual_review_required
1540220215,medium,3,added,2026-07-18T10:31:10Z,False,76.5,0.3902,,3,OSM 1540220215,Nguyễn Trường Tộ,"có thuộc tính chiều cao, có thuộc tính nhận dạng",manual_review_required
1540220219,medium,3,added,2026-07-18T10:31:10Z,False,76.5,0.3096,,5,OSM 1540220219,Nguyễn Trường Tộ,"có thuộc tính chiều cao, có thuộc tính nhận dạng",manual_review_required
1537679367,medium,3,added,2026-07-12T12:30:08Z,False,66.5,0.6291,,2,OSM 1537679367,Nguyễn Tất Thành,"có thuộc tính chiều cao, có thuộc tính nhận dạng",manual_review_required
1540059794,medium,3,added,2026-07-17T19:08:24Z,False,59.6,0.41,,5,OSM 1540059794,Hoàng Diệu,"có thuộc tính chiều cao, có thuộc tính nhận dạng",manual_review_required
1537679364,medium,3,added,2026-07-12T12:30:08Z,False,52.9,0.4743,,2,OSM 1537679364,Nguyễn Tất Thành,"có thuộc tính chiều cao, có thuộc tính nhận dạng",manual_review_required
1537771716,medium,3,added,2026-07-12T19:55:45Z,False,40.7,0.1714,,2,OSM 1537771716,,"có thuộc tính chiều cao, chồng phủ nền thấp",manual_review_required
1525017534,medium,2,added,2026-06-01T02:40:36Z,False,3982.8,0.6031,,,OSM 1525017534,,footprint rất lớn,manual_review_required
1087629859,medium,2,modified,2026-06-01T03:02:55Z,False,1536.8,0.6129,,,OSM 1087629859,,footprint rất lớn,manual_review_required
1548729454,medium,2,added,2026-08-11T01:08:52Z,False,1528.2,0.3609,,,OSM 1548729454,,footprint rất lớn,manual_review_required
289041978,medium,2,modified,2026-08-03T13:21:16Z,False,523.6,0.5718,,,Công ty Cổ phần Cấp nước Gia Định,Nơ Trang Long,"footprint lớn, có thuộc tính nhận dạng",manual_review_required
808241910,medium,2,modified,2026-07-07T17:54:40Z,False,391.0,0.4672,,1.5,OSM 808241910,,có thuộc tính chiều cao,manual_review_required
1537679350,medium,2,added,2026-07-12T12:30:08Z,False,363.2,0.3314,,1,OSM 1537679350,,có thuộc tính chiều cao,manual_review_required
808241924,medium,2,modified,2026-07-07T17:54:40Z,False,259.2,0.6432,,1,OSM 808241924,,có thuộc tính chiều cao,manual_review_required
1537771715,medium,2,added,2026-07-12T19:55:45Z,False,200.0,0.4043,,1,OSM 1537771715,,có thuộc tính chiều cao,manual_review_required
1184364665,medium,2,modified,2026-07-03T17:42:22Z,False,183.7,0.1287,,,OSM 1184364665,Trần Quốc Toản,"có thuộc tính nhận dạng, chồng phủ nền thấp",manual_review_required
1537679374,medium,2,added,2026-07-12T12:30:08Z,False,168.6,0.602,,2,OSM 1537679374,,có thuộc tính chiều cao,manual_review_required
1536912114,medium,2,added,2026-07-09T16:54:06Z,False,121.5,0.1225,,,OSM 1536912114,Nguyễn Tất Thành,"có thuộc tính nhận dạng, chồng phủ nền thấp",manual_review_required
1537679373,medium,2,added,2026-07-12T12:30:08Z,False,99.9,0.4255,,8,OSM 1537679373,,có thuộc tính chiều cao,manual_review_required
1540059797,medium,2,added,2026-07-17T19:08:24Z,False,95.3,0.2331,,,OSM 1540059797,Hoàng Diệu,"có thuộc tính nhận dạng, chồng phủ nền thấp",manual_review_required
1540059788,medium,2,added,2026-07-17T15:45:44Z,False,95.2,0.1286,,,OSM 1540059788,Hoàng Diệu,"có thuộc tính nhận dạng, chồng phủ nền thấp",manual_review_required
1540059809,medium,2,added,2026-07-17T15:45:44Z,False,87.8,0.3056,,3.5,OSM 1540059809,,có thuộc tính chiều cao,manual_review_required
1540100859,medium,2,added,2026-07-18T10:31:10Z,False,81.8,0.252,,,OSM 1540100859,Hoàng Diệu,"có thuộc tính nhận dạng, chồng phủ nền thấp",manual_review_required
854573858,low,1,modified,2026-08-11T01:08:52Z,False,1011.8,0.5659,,,OSM 854573858,,footprint lớn,manual_review_required
1548729455,low,1,added,2026-08-11T01:08:52Z,False,969.7,0.5851,,,OSM 1548729455,,footprint lớn,manual_review_required
1042830881,low,1,modified,2026-08-13T14:17:29Z,False,810.4,0.3344,,,OSM 1042830881,,footprint lớn,manual_review_required
1548729458,low,1,added,2026-08-11T01:08:52Z,False,616.5,0.447,,,OSM 1548729458,,footprint lớn,manual_review_required
1548729453,low,1,added,2026-08-11T01:08:52Z,False,526.9,0.575,,,OSM 1548729453,,footprint lớn,manual_review_required
1042831545,low,1,modified,2026-08-01T12:46:56Z,False,374.7,0.4087,,,Thuế cơ sở 3 Thành phố Hồ Chí Minh,Võ Văn Tần,có thuộc tính nhận dạng,manual_review_required
1540708403,low,1,added,2026-08-01T12:46:56Z,False,269.1,0.5449,,,Thuế cơ sở 14 Thành phố Hồ Chí Minh,Bạch Đằng,có thuộc tính nhận dạng,manual_review_required
1536912096,low,1,added,2026-07-09T16:54:06Z,False,179.0,0.5388,,,OSM 1536912096,Nguyễn Tất Thành,có thuộc tính nhận dạng,manual_review_required
1540059802,low,1,added,2026-07-17T19:08:24Z,False,95.4,0.3549,,,OSM 1540059802,Hoàng Diệu,có thuộc tính nhận dạng,manual_review_required
1540059796,low,1,added,2026-07-17T19:08:24Z,False,95.2,0.3847,,,OSM 1540059796,Hoàng Diệu,có thuộc tính nhận dạng,manual_review_required
1540100858,low,1,added,2026-07-18T10:31:10Z,False,91.3,0.4823,,,OSM 1540100858,Hoàng Diệu,có thuộc tính nhận dạng,manual_review_required
1540059793,low,1,added,2026-07-17T15:45:44Z,False,35.8,0.194,,,OSM 1540059793,,chồng phủ nền thấp,manual_review_required
1042830880,low,0,modified,2026-08-13T14:17:29Z,False,384.8,0.5556,,,OSM 1042830880,,cần kiểm tra ranh hình học,manual_review_required
682199567,low,0,modified,2026-07-03T15:36:13Z,False,219.8,0.542,,,OSM 682199567,,cần kiểm tra ranh hình học,manual_review_required
682199566,low,0,modified,2026-07-03T15:36:13Z,False,138.3,0.4392,,,OSM 682199566,,cần kiểm tra ranh hình học,manual_review_required
1548729452,low,0,added,2026-08-11T01:08:52Z,False,136.3,0.38,,,OSM 1548729452,,cần kiểm tra ranh hình học,manual_review_required
