id,capability,status,original_refs,current_evidence,gap,evidence_files
R01,"Trải nghiệm lãnh đạo, hỏi rồi có kết quả",Một phần,2D P210–P212; 3D P214,"Có bản đồ 3D, chọn lớp, chạm đối tượng xem nguồn, di chuyển, tham quan, giao diện thu gọn.",Chưa có luồng hỏi quản lý → khoanh vùng/chọn tuyến → tính tác động → báo cáo. UI đẹp là một thành phần.,outputs/tayninh-data-batch-04/static/app.js; outputs/tayninh-data-batch-04/governance/VERIFY-S07.md
R02,Bao phủ đúng toàn phường và các vùng 3D ưu tiên,Một phần,"2D P006, P035; 3D P212–P214","AOI kỹ thuật quanh điểm tham chiếu Gia Lộc; ô chi tiết 250 × 250 m với 52 tâm công trình, 57 footprint giao ô.","Chưa có ranh hành chính chính thức, chưa kiểm kê toàn phường. Theo tài liệu, địa bàn mới gồm cả Phước Đông; không được gọi AOI này là toàn phường.",outputs/tayninh-data-batch-04/derived/fusion/scene-data.json; outputs/tayninh-data-batch-04/derived/s07/sample-manifest.json
R03,True orthophoto/orthomosaic khoảng 1 cm và truy cập theo tile,Chưa đạt,"2D P009, P018; 3D P008","Ảnh Sentinel-2 30/11/2025, 10 m, crop nguyên gốc 330 × 334 px.","Không phải orthophoto UAV 1 cm. Vật liệu PBR, nội suy và super-resolution không chứng minh chi tiết đo thực. Chưa có dịch vụ tile ảnh khảo sát.",outputs/tayninh-data-batch-04/derived/visual/visual-data.json
R04,"Đối tượng có ID, hình học, thuộc tính, nguồn ảnh và thời điểm",Một phần,"2D P015; 2D-B-12, 2D-L-10","657 footprint nguồn có ID/hình học, mô hình chiều cao, hồ sơ nguồn; các raster có metadata thời gian/độ phân giải.","Chưa có đầy đủ địa chỉ, hồ sơ quản lý, ảnh chi tiết đúng từng nhà và lịch sử đối tượng qua nhiều kỳ. Ngày phát hành footprint không phải ngày quan sát từng nhà.",outputs/tayninh-data-batch-04/derived/fusion/scene-data.json; outputs/tayninh-data-batch-04/derived/solution/solution-data.json
R05,AI bóc tách các lớp bề mặt và kiểm chứng độ chính xác,Một phần,"2D P010, P208; 2D-C-14, 2D-E-04","Footprint ML công khai; WorldCover 2021 có lớp cây, cỏ, cây trồng, xây dựng, đất trống, nước và đất ngập; ETH tán cây 10 m.","Chưa có bộ bóc tách ảnh 1 cm cho mặt đường/vỉa hè, cây cá thể, loại cây trồng, công trường, vật cản. Chưa có nhãn thực địa và báo cáo precision/recall hoặc sai số lớp theo dự án.",outputs/tayninh-data-batch-02/derived/surface/surface-aoi-qa.json; outputs/tayninh-data-batch-04/derived/visual/visual-data.json
R06,"Khoanh polygon/bán kính, lọc và đếm theo phạm vi tùy chọn",Chưa triển khai,"2D P012, P016; 2D-A-04, 2D-A-10",Có số tổng AOI và số công trình trong ô mẫu cố định.,"Chưa có công cụ người dùng vẽ vùng, lọc theo thuộc tính rồi đếm từng lớp. 52/657 là số ở các phạm vi cố định, không trả lời mọi vùng lãnh đạo chọn.",outputs/tayninh-data-batch-04/static/app.js; outputs/tayninh-data-batch-04/static/solution-ui.js
R07,"Đo diện tích, chiều dài và khoảng cách",Một phần,"2D P016; 2D-C-02, 2D-B-09",Dữ liệu footprint có diện tích; có tính diện tích/tâm trong bước xử lý và xây dựng hình học.,"Chưa có thước đo tương tác, tổng diện tích phần giao vùng và khoảng cách mép đối tượng theo yêu cầu. Số nguồn chưa được QC như đo hiện trường.",outputs/tayninh-data-batch-04/derived/fusion/scene-data.json; outputs/tayninh-data-batch-04/static/solution-layer.js
R08,"Vùng đệm tuyến, chồng lớp và giao cắt phục vụ quản lý",Chưa triển khai,"2D P016; 2D-A-05, 2D-C-10, 2D-G-10","Có thao tác clipping/exclusion nội bộ để dựng đường, nhà, cây hợp lý hơn.",Chưa có buffer 50/100/200 m do người dùng chọn và bảng đối tượng bị ảnh hưởng. Clipping đồ họa không thay thế truy vấn GIS nghiệp vụ.,outputs/tayninh-data-batch-04/static/app.js; outputs/tayninh-data-batch-04/static/solution-layer.js
R09,So sánh phương án quy hoạch A/B/C và định lượng tác động,Chưa triển khai,"2D-D-05, 2D P211; 3D-A-04, 3D-A-08","A/B hiện tại đổi mô hình cơ bản và chi tiết mô phỏng, giữ cùng camera.","Chưa có phương án tuyến/dự án A/B/C, số nhà/diện tích cây trồng tác động, hoặc khối lượng đào đắp từng phương án. Không dùng A/B đồ họa để tuyên bố đạt A/B/C quy hoạch.",outputs/tayninh-data-batch-04/static/s07-ui.js; outputs/tayninh-data-batch-04/README-S07.md
R10,So sánh nhiều kỳ và truy vết biến động đối tượng,Một phần,"2D-L-01–10; 3D-A-07, 3D-L-01–08","Có Sentinel 20/12/2024 và 30/11/2025 cùng lưới 10 m, mask SCL và 5.455 pixel ứng viên khác biệt mạnh; có JRC thay đổi mặt nước dài hạn.","Chưa ghép ID nhà/cây qua kỳ, chưa xác nhận xây mới/tháo dỡ/san lấp, chưa tính thay đổi cao độ/thể tích. Trong B04, lớp change hiển thị ô JRC và thống kê Sentinel; heatmap Sentinel là sản phẩm riêng Batch03.",outputs/tayninh-data-batch-03/derived/temporal/temporal-aoi-qa.json; outputs/tayninh-data-batch-04/derived/fusion/scene-data.json; outputs/tayninh-data-batch-04/static/app.js
R11,"Tích hợp địa chính, quy hoạch, dự án, tài sản và hồ sơ chuyên ngành",Chưa đạt,2D P011; 2D-B-01–14; 3D P011,Có hồ sơ nguồn dữ liệu công khai và quy ước tọa độ cho AOI kỹ thuật.,"Chưa có ranh thửa/loại đất pháp lý, hành lang chính thức, hình học quy hoạch/dự án và quan hệ hồ sơ. Không kết luận quyền sở hữu, vi phạm hoặc bồi thường từ ảnh.",outputs/tayninh-data-batch-04/derived/fusion/scene-data.json; outputs/tayninh-data-batch-04/derived/solution/solution-data.json
R12,"LiDAR point cloud, DTM/DSM khảo sát, CRS/hệ cao và QC",Chưa đạt,"3D P008, P025, P197",Có COPDEM DSM 30 m và GEDTM địa hình dự đoán lớp 30 m; metadata CRS/hệ cao và biến đổi sang cảnh local.,"Chưa có point cloud LiDAR, phân loại điểm đất, DTM/DSM khảo sát, hiệu chuẩn và checkpoint độc lập. GEDTM không phải DTM đo LiDAR; chuyển tọa độ bằng code chưa chứng minh chính xác ngoài thực địa.",outputs/tayninh-data-batch-04/derived/solution/solution-data.json; outputs/tayninh-data-batch-04/derived/solution/solution-qa.json
R13,"Hình học 3D thực của nhà, cây, đường và hạ tầng",Một phần — còn mô phỏng,"3D P009; 3D-B-01, 3D-B-04, 3D-G-01–10","Nhà extrude theo footprint, 482 mô hình Google đủ hỗ trợ chiều cao, phần còn lại proxy; 52 nhà ở ô chi tiết có cửa/mép mái/vật liệu PBR. Cây có thân, nhánh, lá và LOD.","657 chiều cao đo thực vẫn null. 20 mục tiêu mặt đứng, 0 ảnh địa điểm đã xác minh. Mái/cửa/cây là generic mô phỏng; cây hiển thị không phải từng cây quan sát. OSM là tim đường, chiều rộng đường dựng là mô hình; chưa có dây/cột/taluy chi tiết thực.",outputs/tayninh-data-batch-04/derived/solution/solution-data.json; outputs/tayninh-data-batch-04/derived/s07/qa.json; outputs/tayninh-data-batch-04/static/s07-surface.js
R14,"Cao độ, độ dốc và mặt cắt theo tuyến bất kỳ",Một phần,"3D-C-01, 3D-C-02, 3D-A-06, 3D-E-01","Có cao độ raster, chế độ địa hình, thay nguồn GEDTM/COPDEM và thông tin điểm/lớp.","Chưa có biểu đồ mặt cắt theo tuyến người dùng vẽ, thống kê cấp dốc theo vùng hoặc mặt cắt đường/kênh. Lưới 30 m chưa đủ đo mép đường, rãnh nhỏ hay cao độ nền thiết kế.",outputs/tayninh-data-batch-04/static/app.js; outputs/tayninh-data-batch-04/derived/solution/solution-data.json
R15,"Thể tích, đào/đắp và khối lượng vật liệu",Chưa triển khai,"3D-A-03, 3D-C-04, 3D-C-08, 3D-D-01",Có nền raster/hình khối để phát triển thuật toán sơ bộ.,"Chưa có mặt thiết kế, tích phân volume, cut/fill, stockpile và báo cáo sai số. Nhà extrude trông có khối không có nghĩa hệ thống đã có phép đo thể tích nghiệp vụ.",outputs/tayninh-data-batch-04/static/app.js; outputs/tayninh-data-batch-04/static/solution-layer.js
R16,"Tầm nhìn, khoảng tĩnh không và xung đột 3D",Chưa triển khai,"3D-A-01, 3D-B-05, 3D-H-01–08, 3D-E-03",Có raycasting chọn đối tượng và kiểm hình học tránh nhà chìm/xuyên địa hình.,"Chưa có LOS/viewshed, khoảng cách 3D theo yêu cầu, sàng lọc cây–dây, xe–cầu hoặc thiết kế–hiện trạng. Kiểm lỗi render không phải clearance hạ tầng.",outputs/tayninh-data-batch-04/static/app.js; outputs/tayninh-data-batch-04/static/solution-layer.js
R17,Bóng đổ theo thời gian/ngày trong năm,Chưa triển khai,3D-B-06,Có ánh sáng/vật liệu phục vụ hiển thị.,Chưa có vị trí mặt trời theo địa điểm/thời gian và phép phân tích vùng bị che theo giờ/mùa. Ánh sáng đẹp chưa đáp ứng nghiên cứu bóng đổ.,outputs/tayninh-data-batch-04/static/app.js
R18,"Thoát nước, dòng chảy và mô hình ngập",Chưa đạt,3D-F-01–09; 2D-H-01–09,"Có OSM thủy hệ, các ô nước JRC, seasonality và change; địa hình công khai làm nền bối cảnh.","Chưa có mạng cống/kênh đo thực, điều kiện biên/mưa/mực nước, mô hình thủy văn–thủy lực và hiệu chỉnh. JRC occurrence/seasonality không phải độ sâu ngập hoặc mô phỏng dòng chảy.",outputs/tayninh-data-batch-04/derived/fusion/scene-data.json; outputs/tayninh-data-batch-04/static/app.js
R19,"CAD/BIM, thiết kế, tiến độ và as-built",Chưa đạt,"3D P011; 3D-D-01–10, 3D-L-01–08","Đã có kiểm tra JSON metadata raster, GeoJSON Polygon đơn, GLB mesh subset và hash byte thực.","Importer validation-only, publish=false; chưa giải mã GeoTIFF/LAS và chưa nạp payload vào cảnh. Chưa có CAD/BIM, mặt thiết kế, đối chiếu as-built hay quản lý tiến độ khối lượng.",outputs/tayninh-data-batch-04/static/s07-importer.js; outputs/tayninh-data-batch-04/governance/COMPLETION-S07-IMPORTAUDIT.md
R20,"Provenance, quyền sử dụng, chất lượng và kiểm chứng độc lập",Một phần,"2D P015, P018, P208; 3D P025, P197","Có source metadata, fingerprint SHA-256, biên nhận tìm nguồn, phân biệt modeled/surveyed, kiểm nodata/geometry/CRS và audit phần mềm.","Hash chứng minh tệp không đổi, không chứng minh ảnh đúng nhà hay tọa độ đúng. Chưa có checkpoint XY/Z, nhãn thực địa, QA độ đầy đủ và biên bản chính xác đo đạc.",outputs/tayninh-data-batch-04/governance/FINAL-FINGERPRINTS-S07.json; outputs/tayninh-data-batch-04/governance/VERIFY-S07.md; outputs/tayninh-data-batch-04/sources/s07/photo-registry.json
R21,Báo cáo tức thời theo vùng/tuyến và phương án,Chưa triển khai,"2D-A-09; 2D P203, P211–P212",Có báo cáo QA kỹ thuật và dữ liệu JSON/Markdown đã lưu.,"Chưa có báo cáo người dùng tạo từ polygon/tuyến: bảng đối tượng, diện tích giao cắt, bản đồ, nguồn/thời điểm/giới hạn và khác biệt A/B/C. Báo cáo batch cố định chưa đáp ứng câu hỏi phát sinh.",outputs/tayninh-data-batch-04/governance/VERIFY-S07.md; outputs/tayninh-data-batch-04/static/app.js
R22,Tài sản dữ liệu dùng chung và vòng đời đối tượng,Một phần,"2D P013, P206; 2D-K-01–08; 3D-K-01–08, 3D P214","Có gói dữ liệu cục bộ, manifests, lớp cảnh và cấu trúc nguồn có thể tái sử dụng giữa batch.","Chưa có vận hành dùng chung nhiều cơ quan, liên kết hồ sơ bảo trì/cập nhật định kỳ và lịch sử đối tượng. Phân ô nội bộ hiện tại chưa phải phát hành OGC 3D Tiles đầy đủ.",outputs/tayninh-data-batch-04/README-S07.md; outputs/tayninh-data-batch-04/static/s07-chunks.js
R23,Chứng minh hiệu quả bằng KPI quản lý,Chưa đo,2D P201–P209; 3D P194–P202,"Có kiểm phần mềm, benchmark CPU submission, cache/memory và thao tác desktop/mobile.","Chưa đo phút trả lời câu hỏi, người × ngày, khảo sát tránh được, chi phí/câu hỏi, cơ quan dùng lại, mặt cắt/giờ và độ chính xác checkpoint. Chỉ số render không thay các KPI này.",outputs/tayninh-data-batch-04/governance/VERIFY-S07.md
