document,group,questions,question_id_range,coverage_note
2D,A. Điều hành tổng hợp và hỗ trợ quyết định,10,2D-A-01 → 2D-A-10,"Có thống kê AOI/lớp bối cảnh; chưa khoanh vùng tùy chọn, xếp hạng theo khu phố, buffer và trả lời tức thời."
2D,"B. Địa chính, đất đai và quản lý sử dụng đất",14,2D-B-01 → 2D-B-14,Chưa tích hợp thửa/hồ sơ pháp lý; có nguồn ảnh theo kỳ nhưng không đủ chứng minh hiện trạng chi tiết từng thửa.
2D,"C. Quy hoạch, xây dựng và quản lý đô thị",14,2D-C-01 → 2D-C-14,"Có footprint/diện tích nguồn và mô hình nhà; chưa kiểm kê toàn phường, mật độ theo khu vực, khoảng lùi, mặt đường thực hoặc biến động từng nhà."
2D,"D. Đầu tư công, chuẩn bị dự án và giải phóng mặt bằng",12,2D-D-01 → 2D-D-12,"Chưa có tuyến dự án, giao cắt, so sánh A/B/C, kết quả GPMB hoặc hồ sơ bồi thường."
2D,"E. Nông nghiệp, cây trồng và quản lý vùng sản xuất",12,2D-E-01 → 2D-E-12,"Có WorldCover cây trồng 2021 và ETH tán cây 2020 ở mức raster; chưa ranh vùng sản xuất, cây cá thể, loại cây, sức khỏe/năng suất và kiểm kê theo dự án."
2D,"F. Môi trường, mặt nước và vệ sinh đô thị",10,2D-F-01 → 2D-F-10,"Có JRC/OSM mặt nước bối cảnh và dữ liệu landcover; chưa phân loại rác, nước thải, điểm tập kết hoặc đối chiếu hồ sơ môi trường."
2D,"G. Giao thông, đường bộ và hạ tầng công cộng",10,2D-G-01 → 2D-G-10,"Có tim đường OSM và đường đồ họa; chưa mặt đường/vỉa hè/chiều rộng đo thực, phân tích tiếp cận và buffer mở rộng đường."
2D,"H. Thoát nước, thủy lợi, ngập và hành lang kênh",9,2D-H-01 → 2D-H-09,"Có thủy hệ/địa hình bối cảnh; chưa mạng kênh/cống chi tiết, hành lang pháp lý và truy vấn xung đột. Câu hỏi dòng chảy cần 3D/thủy văn như tài liệu nêu."
2D,"I. Công nghiệp, phát triển kinh tế và thu hút đầu tư",8,2D-I-01 → 2D-I-08,"Chưa có khu công nghiệp, dự án/quỹ đất và hồ sơ kinh tế được liên kết để trả lời truy vấn đầu tư."
2D,"J. PCCC, cứu nạn, an ninh và quản lý rủi ro",8,2D-J-01 → 2D-J-08,"Có cảnh 3D cho quan sát sơ bộ; chưa mạng tiếp cận xe cứu hỏa, tiêu chí rủi ro và dữ liệu PCCC/chuyên ngành."
2D,"K. Tài sản công, giáo dục, y tế và dịch vụ đô thị",8,2D-K-01 → 2D-K-08,"Chưa có danh mục tài sản công, chủ quản, hồ sơ trường/y tế/dịch vụ và vòng đời."
2D,"L. Theo dõi biến động, thanh tra và kiểm tra theo rủi ro",10,2D-L-01 → 2D-L-10,"Có hai kỳ Sentinel và JRC dài hạn ở mức pixel; chưa biến động từng đối tượng, hồ sơ thanh tra, kiểm chứng kết luận và truy vết ảnh chi tiết."
3D,A. Điều hành không gian 3D và mô phỏng phương án,8,3D-A-01 → 3D-A-08,"Có quan sát/đổi nguồn địa hình; chưa LOS, kịch bản khối mới, cut/fill, mặt cắt và thay đổi thể tích."
3D,"B. Quy hoạch đô thị, kiến trúc và kiểm soát chiều cao",12,3D-B-01 → 3D-B-12,"Có khối nhà theo footprint/chiều cao modeled và PBR generic; chưa chiều cao đo, mặt đứng đúng nhà, solar shadow study và kiểm soát quy hoạch."
3D,"C. Địa hình, đất đai và chuẩn bị mặt bằng",10,3D-C-01 → 3D-C-10,"Có COPDEM DSM/GEDTM 30 m; chưa địa hình khảo sát, độ dốc theo vùng, mặt cắt, đào/đắp và stockpile."
3D,"D. Xây dựng, thi công và quản lý dự án",10,3D-D-01 → 3D-D-10,"Chưa có thiết kế, point cloud nhiều kỳ, khối lượng tiến độ và so sánh as-built."
3D,"E. Giao thông, mặt cắt đường và an toàn",10,3D-E-01 → 3D-E-10,"Có đường render trên terrain; chưa trắc ngang/trắc dọc thực, camber, clearance và mô phỏng đường đi xe theo kích thước."
3D,"F. Thoát nước, ngập, thủy lợi và địa hình dòng chảy",10,3D-F-01 → 3D-F-10,Có địa hình/thủy hệ/JRC bối cảnh; chưa mô hình thoát nước/ngập đã hiệu chỉnh. LiDAR thường không đo đáy dưới nước như tài liệu giới hạn.
3D,"G. Nông nghiệp, cây lâu năm và cấu trúc tán cây",10,3D-G-01 → 3D-G-10,"Có ETH chiều cao tán cây raster và cây mô phỏng; chưa phân đoạn từng cây/chiều cao kiểm chứng, cấu trúc tán quan sát và liên kết vùng canh tác."
3D,"H. Điện, viễn thông và hạ tầng kỹ thuật trên không",9,3D-H-01 → 3D-H-09,Chưa cột/dây/utility và phép sàng lọc khoảng tĩnh không/tầm nhìn; chưa hồ sơ hạ tầng ngầm.
3D,"I. Môi trường, cây xanh, vật liệu và khối lượng",8,3D-I-01 → 3D-I-08,"Có bối cảnh cây/nước/terrain; chưa đo stockpile, đào đắp, xói mòn và thay đổi thể tích."
3D,"J. Khu công nghiệp, PCCC và ứng cứu khẩn cấp",9,3D-J-01 → 3D-J-09,"Chưa dữ liệu KCN/PCCC, lối xe chữa cháy, chướng ngại, tiêu chí ứng cứu và mô phỏng nghiệp vụ."
3D,"K. Tài sản công, bảo trì và quản lý vòng đời",8,3D-K-01 → 3D-K-08,"Chưa danh mục tài sản có hồ sơ bảo trì, hình học chi tiết và lịch sử vận hành."
3D,"L. Theo dõi biến dạng, thay đổi và 'as-built' theo thời gian",8,3D-L-01 → 3D-L-08,"Có so sánh ảnh quang học mức pixel; chưa point cloud/mặt địa hình nhiều kỳ, biến dạng và đối chiếu as-built. Không hứa đo lún mm từ nguồn hiện có."
