rank,tile_id,priority_score,average_confidence,buildings,tall_buildings,recommended_mode,reasons
1,cf-r5c3,68.8,34.6,1078,8,uav_oblique_plus_ground_control,high_visual_importance|vertical_complexity
2,cf-r4c3,68.4,34.6,835,19,uav_oblique_plus_ground_control,high_visual_importance|vertical_complexity
3,cf-r6c3,67.5,34.7,1165,9,uav_oblique_plus_ground_control,material_observation_gap|high_visual_importance|vertical_complexity
4,cf-r6c2,65.5,33.3,2430,1,ground_facade_corridors,height_source_gap|material_observation_gap|high_visual_importance
5,cf-r4c4,64.5,34.1,536,13,uav_oblique_plus_ground_control,high_visual_importance|vertical_complexity
6,cf-r7c4,63.8,32.6,2840,0,ground_facade_corridors,height_source_gap|material_observation_gap
7,cf-r5c4,63.5,35.8,343,9,uav_oblique_plus_ground_control,high_visual_importance|vertical_complexity
8,cf-r3c5,63.4,33.1,1584,11,uav_oblique_plus_ground_control,height_source_gap|material_observation_gap|vertical_complexity
9,cf-r7c3,63.1,32.8,1651,1,ground_facade_corridors,height_source_gap|material_observation_gap
10,cf-r3c3,63.0,33.3,1594,5,ground_facade_corridors,height_source_gap|material_observation_gap
11,cf-r5c1,62.5,32.9,2034,3,ground_facade_corridors,height_source_gap|material_observation_gap
12,cf-r4c2,62.3,32.9,1311,2,ground_facade_corridors,height_source_gap|material_observation_gap|high_visual_importance
13,cf-r3c4,62.1,33.2,1521,4,ground_facade_corridors,height_source_gap|material_observation_gap
14,cf-r6c4,61.5,35.0,734,2,hybrid_reconnaissance,material_observation_gap|high_visual_importance
15,cf-r7c2,61.5,33.0,2762,1,ground_facade_corridors,height_source_gap|material_observation_gap
16,cf-r5c2,61.4,32.5,933,0,hybrid_reconnaissance,height_source_gap|material_observation_gap|high_visual_importance
17,cf-r6c1,60.4,32.8,1932,0,ground_facade_corridors,height_source_gap|material_observation_gap
18,cf-r3c2,60.3,32.9,2354,0,ground_facade_corridors,height_source_gap|material_observation_gap
19,cf-r2c5,58.1,32.6,1875,3,ground_facade_corridors,height_source_gap|material_observation_gap
20,cf-r7c1,57.9,32.9,1890,0,ground_facade_corridors,height_source_gap|material_observation_gap
21,cf-r2c3,57.6,32.9,2257,0,ground_facade_corridors,height_source_gap|material_observation_gap
22,cf-r2c4,57.6,32.8,2203,0,ground_facade_corridors,height_source_gap|material_observation_gap
23,cf-r4c1,57.2,32.7,1382,0,ground_facade_corridors,height_source_gap|material_observation_gap
24,cf-r3c1,56.8,33.0,1453,4,ground_facade_corridors,height_source_gap|material_observation_gap
25,cf-r2c2,56.4,33.0,1782,0,ground_facade_corridors,height_source_gap|material_observation_gap
26,cf-r2c6,56.4,32.6,991,15,uav_oblique_plus_ground_control,height_source_gap|material_observation_gap|vertical_complexity
27,cf-r8c4,56.0,32.9,1457,0,ground_facade_corridors,height_source_gap|material_observation_gap
28,cf-r2c1,55.1,32.9,1756,0,ground_facade_corridors,height_source_gap|material_observation_gap
29,cf-r1c4,55.0,32.9,1979,0,ground_facade_corridors,height_source_gap|material_observation_gap
30,cf-r1c3,54.9,32.9,1861,0,ground_facade_corridors,height_source_gap|material_observation_gap
31,cf-r5c5,54.9,37.0,72,5,hybrid_reconnaissance,high_visual_importance
32,cf-r1c5,54.7,32.8,1922,0,ground_facade_corridors,height_source_gap|material_observation_gap
33,cf-r8c2,54.5,32.9,1341,1,ground_facade_corridors,height_source_gap|material_observation_gap
34,cf-r7c5,53.7,32.9,690,0,hybrid_reconnaissance,height_source_gap|material_observation_gap
35,cf-r8c3,53.7,32.9,1127,0,hybrid_reconnaissance,height_source_gap|material_observation_gap
36,cf-r3c7,53.3,32.4,1453,0,ground_facade_corridors,height_source_gap|material_observation_gap
37,cf-r6c5,53.3,36.2,70,4,hybrid_reconnaissance,high_visual_importance
38,cf-r8c5,52.9,33.0,1177,0,ground_facade_corridors,height_source_gap|material_observation_gap
39,cf-r3c6,52.8,35.1,360,15,uav_oblique_plus_ground_control,material_observation_gap|vertical_complexity
40,cf-r1c2,52.7,32.8,1509,0,ground_facade_corridors,height_source_gap|material_observation_gap
41,cf-r8c6,52.6,33.0,1355,0,ground_facade_corridors,height_source_gap|material_observation_gap
42,cf-r1c7,51.9,33.0,1191,5,ground_facade_corridors,height_source_gap|material_observation_gap
43,cf-r4c5,51.9,34.3,33,0,hybrid_reconnaissance,material_observation_gap|high_visual_importance
44,cf-r8c7,50.1,33.1,1155,0,ground_facade_corridors,height_source_gap|material_observation_gap
45,cf-r2c8,50.0,32.8,1010,3,hybrid_reconnaissance,height_source_gap|material_observation_gap
46,cf-r1c1,49.9,32.9,1158,0,ground_facade_corridors,height_source_gap|material_observation_gap
47,cf-r6c6,49.5,33.6,268,0,hybrid_reconnaissance,material_observation_gap
48,cf-r4c6,49.0,33.5,231,0,hybrid_reconnaissance,height_source_gap|material_observation_gap
49,cf-r8c1,48.5,32.7,713,0,hybrid_reconnaissance,height_source_gap|material_observation_gap
50,cf-r1c8,48.3,32.1,903,0,hybrid_reconnaissance,height_source_gap|material_observation_gap
51,cf-r2c7,48.3,32.5,787,1,hybrid_reconnaissance,height_source_gap|material_observation_gap
52,cf-r1c6,47.8,32.8,828,0,hybrid_reconnaissance,height_source_gap|material_observation_gap
53,cf-r7c6,47.6,32.8,266,0,hybrid_reconnaissance,height_source_gap|material_observation_gap
54,cf-r3c8,47.0,32.8,719,0,hybrid_reconnaissance,height_source_gap|material_observation_gap
55,cf-r4c7,46.8,32.9,381,0,hybrid_reconnaissance,height_source_gap|material_observation_gap
56,cf-r7c8,45.5,33.0,506,0,hybrid_reconnaissance,height_source_gap|material_observation_gap
57,cf-r5c6,45.3,41.6,48,3,hybrid_reconnaissance,material_observation_gap
58,cf-r4c8,44.7,33.1,165,3,hybrid_reconnaissance,height_source_gap|material_observation_gap
59,cf-r6c7,44.7,33.0,45,0,hybrid_reconnaissance,height_source_gap|material_observation_gap
60,cf-r7c7,44.3,33.0,144,0,hybrid_reconnaissance,height_source_gap|material_observation_gap
61,cf-r8c8,43.6,33.9,350,0,hybrid_reconnaissance,material_observation_gap
62,cf-r5c8,43.0,33.0,59,0,hybrid_reconnaissance,height_source_gap|material_observation_gap
63,cf-r6c8,42.8,33.0,55,0,hybrid_reconnaissance,height_source_gap|material_observation_gap
64,cf-r5c7,40.6,40.9,105,0,hybrid_reconnaissance,material_observation_gap