tile_id,building_count,sourced_height,estimated_height,proxy,reality_mesh
rp-r1c1,243,31,212,ready,missing
rp-r1c2,245,30,215,ready,missing
rp-r1c3,63,5,58,ready,missing
rp-r1c4,16,1,15,ready,missing
rp-r2c1,163,26,137,ready,missing
rp-r2c2,220,15,205,ready,missing
rp-r2c3,193,22,171,ready,missing
rp-r2c4,5,2,3,ready,missing
rp-r3c1,170,11,159,ready,missing
rp-r3c2,75,4,71,ready,missing
rp-r3c3,132,10,122,ready,missing
rp-r3c4,33,7,26,ready,missing
rp-r4c1,131,8,123,ready,missing
rp-r4c2,106,8,98,ready,missing
rp-r4c3,157,1,156,ready,missing
rp-r4c4,54,9,45,ready,missing
