id,document,source_block,group,question,user_unit,benefit,source_level
2D-A-01,Digital_Twin_2D_Phuong_Gia_Loc_Tay_Ninh_GSD_1cm.docx,24,A. Điều hành tổng hợp và hỗ trợ quyết định,"Hiện trạng sử dụng bề mặt của toàn phường gồm bao nhiêu ha khu xây dựng, nông nghiệp, mặt nước, cây xanh và đất trống?",UBND phường; Sở NN&MT; Sở Xây dựng,Có một bức tranh hiện trạng thống nhất thay vì ghép nhiều báo cáo.,D
2D-A-02,Digital_Twin_2D_Phuong_Gia_Loc_Tay_Ninh_GSD_1cm.docx,24,A. Điều hành tổng hợp và hỗ trợ quyết định,"Khu phố/khu vực nào có mật độ xây dựng cao nhất, thấp nhất?",UBND phường; Sở Xây dựng,"Ưu tiên hạ tầng, dịch vụ công và kiểm tra đô thị.",D
2D-A-03,Digital_Twin_2D_Phuong_Gia_Loc_Tay_Ninh_GSD_1cm.docx,24,A. Điều hành tổng hợp và hỗ trợ quyết định,"Trong 6–12 tháng qua, khu vực nào thay đổi nhiều nhất về xây dựng, cây trồng hoặc mặt bằng?",UBND phường; các sở chuyên ngành,Khoanh vùng nơi cần kiểm tra thay vì rà toàn địa bàn.,D
2D-A-04,Digital_Twin_2D_Phuong_Gia_Loc_Tay_Ninh_GSD_1cm.docx,24,A. Điều hành tổng hợp và hỗ trợ quyết định,"Có bao nhiêu công trình, diện tích cây trồng và diện tích đất nằm trong một vùng bất kỳ do lãnh đạo khoanh trên bản đồ?",UBND; Ban QLDA; Sở NN&MT,Trả lời ad-hoc ngay trong cuộc họp.,D
2D-A-05,Digital_Twin_2D_Phuong_Gia_Loc_Tay_Ninh_GSD_1cm.docx,24,A. Điều hành tổng hợp và hỗ trợ quyết định,"Nếu chọn hành lang 50 m, 100 m hay 200 m quanh một tuyến dự án, hiện trạng bên trong mỗi hành lang khác nhau thế nào?",Ban QLDA; Sở Tài chính; Sở Xây dựng,So sánh nhanh phương án và quy mô tác động.,D
2D-A-06,Digital_Twin_2D_Phuong_Gia_Loc_Tay_Ninh_GSD_1cm.docx,24,A. Điều hành tổng hợp và hỗ trợ quyết định,"10 điểm nóng cần ưu tiên xử lý về xây dựng mới, lấn chiếm, rác thải hoặc thay đổi sử dụng đất nằm ở đâu?",UBND; thanh tra/chuyên môn,Chuyển từ kiểm tra dàn trải sang kiểm tra theo rủi ro.,K
2D-A-07,Digital_Twin_2D_Phuong_Gia_Loc_Tay_Ninh_GSD_1cm.docx,24,A. Điều hành tổng hợp và hỗ trợ quyết định,"Khu vực nào đang thiếu đường tiếp cận, cây xanh hoặc không gian công cộng theo tiêu chí do tỉnh đặt ra?",Sở Xây dựng; UBND,Khoanh vùng đầu tư bổ sung hạ tầng.,K
2D-A-08,Digital_Twin_2D_Phuong_Gia_Loc_Tay_Ninh_GSD_1cm.docx,24,A. Điều hành tổng hợp và hỗ trợ quyết định,Các dự án đang nghiên cứu chồng lấn nhau ở đâu và cùng tác động đến những đối tượng nào?,Sở Tài chính; Ban QLDA,Giảm xung đột dự án và khảo sát lặp.,K
2D-A-09,Digital_Twin_2D_Phuong_Gia_Loc_Tay_Ninh_GSD_1cm.docx,24,A. Điều hành tổng hợp và hỗ trợ quyết định,Có thể tạo ngay một báo cáo hiện trạng cho một khu vực chỉ bằng cách vẽ polygon trên bản đồ hay không?,Tất cả đơn vị,Giảm thời gian lập báo cáo hiện trạng.,D
2D-A-10,Digital_Twin_2D_Phuong_Gia_Loc_Tay_Ninh_GSD_1cm.docx,24,A. Điều hành tổng hợp và hỗ trợ quyết định,Cùng một câu hỏi nếu đổi phạm vi từ 1 khu phố sang toàn phường thì kết quả thay đổi ra sao?,Lãnh đạo; chuyên viên,Mở rộng phân tích mà không tổ chức khảo sát mới.,D
2D-B-01,Digital_Twin_2D_Phuong_Gia_Loc_Tay_Ninh_GSD_1cm.docx,27,"B. Địa chính, đất đai và quản lý sử dụng đất","Trong từng thửa đất (khi chồng lớp địa chính), hiện trạng bề mặt đang là nhà ở, cây trồng, mặt nước, đất trống hay công trình khác?",Sở NN&MT; địa chính phường,Đối chiếu hồ sơ với hiện trạng mới nhất.,K
2D-B-02,Digital_Twin_2D_Phuong_Gia_Loc_Tay_Ninh_GSD_1cm.docx,27,"B. Địa chính, đất đai và quản lý sử dụng đất",Thửa nào có công trình xây dựng mới xuất hiện so với lần bay trước?,Địa chính; Sở Xây dựng,Khoanh vùng kiểm tra thay vì đi rà từng tuyến.,K
2D-B-03,Digital_Twin_2D_Phuong_Gia_Loc_Tay_Ninh_GSD_1cm.docx,27,"B. Địa chính, đất đai và quản lý sử dụng đất","Thửa nào có biến động rõ về diện tích xây dựng, cây trồng hoặc san gạt?",Sở NN&MT,Phát hiện sớm biến động sử dụng đất.,K
2D-B-04,Digital_Twin_2D_Phuong_Gia_Loc_Tay_Ninh_GSD_1cm.docx,27,"B. Địa chính, đất đai và quản lý sử dụng đất",Có bao nhiêu m² công trình nằm ngoài ranh thửa theo lớp địa chính đang quản lý?,Sở NN&MT; Sở Xây dựng,Sàng lọc trường hợp cần kiểm tra ranh giới/hồ sơ.,K
2D-B-05,Digital_Twin_2D_Phuong_Gia_Loc_Tay_Ninh_GSD_1cm.docx,27,"B. Địa chính, đất đai và quản lý sử dụng đất","Có bao nhiêu trường hợp đường đi, hàng rào hoặc công trình có dấu hiệu chồng lấn hành lang công cộng?",Địa chính; quản lý đô thị,Ưu tiên kiểm tra lấn chiếm.,K
2D-B-06,Digital_Twin_2D_Phuong_Gia_Loc_Tay_Ninh_GSD_1cm.docx,27,"B. Địa chính, đất đai và quản lý sử dụng đất","Khu đất công nào đang để trống, đang bị sử dụng khác hiện trạng hồ sơ hoặc có dấu hiệu bị lấn chiếm?",UBND; Sở NN&MT; Sở Tài chính,Quản lý tài sản công và quỹ đất hiệu quả hơn.,K
2D-B-07,Digital_Twin_2D_Phuong_Gia_Loc_Tay_Ninh_GSD_1cm.docx,27,"B. Địa chính, đất đai và quản lý sử dụng đất","Quỹ đất trống có diện tích trên X m², tiếp giáp đường rộng trên Y m, nằm ở đâu?",Sở Tài chính; xúc tiến đầu tư,Sàng lọc quỹ đất cho dự án.,K
2D-B-08,Digital_Twin_2D_Phuong_Gia_Loc_Tay_Ninh_GSD_1cm.docx,27,"B. Địa chính, đất đai và quản lý sử dụng đất",Có bao nhiêu thửa không có lối tiếp cận trực tiếp từ đường hiện hữu?,Địa chính; quy hoạch,Hỗ trợ rà soát tiếp cận hạ tầng.,K
2D-B-09,Digital_Twin_2D_Phuong_Gia_Loc_Tay_Ninh_GSD_1cm.docx,27,"B. Địa chính, đất đai và quản lý sử dụng đất","Khoảng cách từ từng công trình đến mốc đường, kênh, hành lang kỹ thuật hoặc ranh quy hoạch là bao nhiêu?",Địa chính; xây dựng,Giảm đo thủ công sơ bộ.,K
2D-B-10,Digital_Twin_2D_Phuong_Gia_Loc_Tay_Ninh_GSD_1cm.docx,27,"B. Địa chính, đất đai và quản lý sử dụng đất",Khu vực nào có mật độ chia cắt thửa hoặc xây dựng mới tăng nhanh?,Sở NN&MT; UBND,Nhận biết áp lực đô thị hóa.,K
2D-B-11,Digital_Twin_2D_Phuong_Gia_Loc_Tay_Ninh_GSD_1cm.docx,27,"B. Địa chính, đất đai và quản lý sử dụng đất",Tổng diện tích thực tế đang canh tác trên các thửa quy hoạch cho mục đích khác là bao nhiêu?,Sở NN&MT; quy hoạch,Ước lượng tác động chuyển đổi sử dụng đất.,K
2D-B-12,Digital_Twin_2D_Phuong_Gia_Loc_Tay_Ninh_GSD_1cm.docx,27,"B. Địa chính, đất đai và quản lý sử dụng đất",Có thể truy ngược ảnh gốc tại thời điểm T để chứng minh hiện trạng bề mặt của một vị trí hay không?,Địa chính; thanh tra,Tăng khả năng kiểm chứng và truy vết.,D
2D-B-13,Digital_Twin_2D_Phuong_Gia_Loc_Tay_Ninh_GSD_1cm.docx,27,"B. Địa chính, đất đai và quản lý sử dụng đất",Những vị trí nào hiện trạng ảnh và hồ sơ quản lý mâu thuẫn rõ rệt?,Sở NN&MT; UBND,Tạo danh sách kiểm tra thay vì đối chiếu thủ công toàn phường.,K
2D-B-14,Digital_Twin_2D_Phuong_Gia_Loc_Tay_Ninh_GSD_1cm.docx,27,"B. Địa chính, đất đai và quản lý sử dụng đất","Một khu vực dự kiến thu hồi đất có bao nhiêu thửa, bao nhiêu công trình và bao nhiêu loại hiện trạng sử dụng?",Ban QLDA; Sở NN&MT,Chuẩn bị sơ bộ cho GPMB.,K
2D-C-01,Digital_Twin_2D_Phuong_Gia_Loc_Tay_Ninh_GSD_1cm.docx,30,"C. Quy hoạch, xây dựng và quản lý đô thị",Toàn phường có bao nhiêu công trình/khối nhà nhìn thấy được trên ảnh?,Sở Xây dựng; UBND phường,Cập nhật inventory công trình.,D
2D-C-02,Digital_Twin_2D_Phuong_Gia_Loc_Tay_Ninh_GSD_1cm.docx,30,"C. Quy hoạch, xây dựng và quản lý đô thị",Tổng diện tích chiếm đất của công trình theo từng khu vực là bao nhiêu?,Sở Xây dựng,Tính mật độ xây dựng hiện trạng.,D
2D-C-03,Digital_Twin_2D_Phuong_Gia_Loc_Tay_Ninh_GSD_1cm.docx,30,"C. Quy hoạch, xây dựng và quản lý đô thị",Khu vực nào có tỷ lệ bề mặt xây dựng cao nhất?,Sở Xây dựng,Đánh giá áp lực hạ tầng và đô thị hóa.,D
2D-C-04,Digital_Twin_2D_Phuong_Gia_Loc_Tay_Ninh_GSD_1cm.docx,30,"C. Quy hoạch, xây dựng và quản lý đô thị",Khoảng lùi thực tế của công trình so với mép đường/ranh quy hoạch là bao nhiêu?,Sở Xây dựng; quản lý đô thị,Sàng lọc trường hợp cần kiểm tra.,K
2D-C-05,Digital_Twin_2D_Phuong_Gia_Loc_Tay_Ninh_GSD_1cm.docx,30,"C. Quy hoạch, xây dựng và quản lý đô thị",Có bao nhiêu công trình mới xuất hiện giữa hai lần cập nhật?,Sở Xây dựng; UBND,Giám sát biến động xây dựng theo thời gian.,D
2D-C-06,Digital_Twin_2D_Phuong_Gia_Loc_Tay_Ninh_GSD_1cm.docx,30,"C. Quy hoạch, xây dựng và quản lý đô thị",Có bao nhiêu công trình bị tháo dỡ hoặc thay đổi diện tích mái?,Sở Xây dựng,Cập nhật hiện trạng nhanh.,D
2D-C-07,Digital_Twin_2D_Phuong_Gia_Loc_Tay_Ninh_GSD_1cm.docx,30,"C. Quy hoạch, xây dựng và quản lý đô thị","Các công trường đang thi công, khu san nền hoặc vật liệu tập kết nằm ở đâu?",Sở Xây dựng; Ban QLDA,Theo dõi tiến độ và trật tự xây dựng.,D
2D-C-08,Digital_Twin_2D_Phuong_Gia_Loc_Tay_Ninh_GSD_1cm.docx,30,"C. Quy hoạch, xây dựng và quản lý đô thị",Mái nhà/xưởng nào có diện tích phù hợp sơ bộ cho điện mặt trời mái nhà?,Sở Công Thương; doanh nghiệp/KCN,Sàng lọc tiềm năng trước khảo sát chi tiết.,D
2D-C-09,Digital_Twin_2D_Phuong_Gia_Loc_Tay_Ninh_GSD_1cm.docx,30,"C. Quy hoạch, xây dựng và quản lý đô thị","Khu dân cư nào thiếu khoảng trống, cây xanh hoặc khoảng cách giữa các khối công trình?",Sở Xây dựng; UBND,Nhận biết nơi cần cải thiện không gian đô thị.,D
2D-C-10,Digital_Twin_2D_Phuong_Gia_Loc_Tay_Ninh_GSD_1cm.docx,30,"C. Quy hoạch, xây dựng và quản lý đô thị",Những công trình nào nằm trong hành lang dự kiến mở rộng đường?,Sở Xây dựng; Ban QLDA,Ước lượng tác động quy hoạch.,K
2D-C-11,Digital_Twin_2D_Phuong_Gia_Loc_Tay_Ninh_GSD_1cm.docx,30,"C. Quy hoạch, xây dựng và quản lý đô thị","Nếu quy hoạch một tuyến đường mới rộng 20 m, có bao nhiêu mái nhà/công trình bị cắt qua?",Ban QLDA; Sở Xây dựng,So sánh phương án nhanh.,K
2D-C-12,Digital_Twin_2D_Phuong_Gia_Loc_Tay_Ninh_GSD_1cm.docx,30,"C. Quy hoạch, xây dựng và quản lý đô thị","Diện tích mặt đường, vỉa hè và khoảng trống công cộng hiện hữu của từng tuyến là bao nhiêu?",Sở Xây dựng; quản lý đô thị,Lập kế hoạch chỉnh trang.,D
2D-C-13,Digital_Twin_2D_Phuong_Gia_Loc_Tay_Ninh_GSD_1cm.docx,30,"C. Quy hoạch, xây dựng và quản lý đô thị",Có vị trí nào đường/hẻm thực tế hẹp hơn dữ liệu quản lý hoặc bị lấn chiếm nhìn thấy rõ?,UBND; quản lý đô thị,Khoanh vùng kiểm tra hiện trường.,K
2D-C-14,Digital_Twin_2D_Phuong_Gia_Loc_Tay_Ninh_GSD_1cm.docx,30,"C. Quy hoạch, xây dựng và quản lý đô thị",Có thể thống kê diện tích mái theo loại vật liệu/màu sắc dự kiến nếu mô hình AI được huấn luyện hay không?,Sở Xây dựng; PCCC,Sàng lọc loại công trình và rủi ro sơ bộ.,X
2D-D-01,Digital_Twin_2D_Phuong_Gia_Loc_Tay_Ninh_GSD_1cm.docx,33,"D. Đầu tư công, chuẩn bị dự án và giải phóng mặt bằng",Một tuyến đường/kè/kênh dự kiến ảnh hưởng bao nhiêu công trình?,Ban QLDA; Sở Tài chính,Ước lượng quy mô GPMB trước khảo sát chi tiết.,D
2D-D-02,Digital_Twin_2D_Phuong_Gia_Loc_Tay_Ninh_GSD_1cm.docx,33,"D. Đầu tư công, chuẩn bị dự án và giải phóng mặt bằng",Tổng diện tích công trình nằm trong phạm vi dự án là bao nhiêu m²?,Ban QLDA; bồi thường,Ước tính sơ bộ khối lượng.,D
2D-D-03,Digital_Twin_2D_Phuong_Gia_Loc_Tay_Ninh_GSD_1cm.docx,33,"D. Đầu tư công, chuẩn bị dự án và giải phóng mặt bằng","Bao nhiêu ha cây trồng, đất canh tác và đất trống nằm trong phạm vi dự án?",Ban QLDA; Sở NN&MT,Ước tính tác động nông nghiệp/đất đai.,D
2D-D-04,Digital_Twin_2D_Phuong_Gia_Loc_Tay_Ninh_GSD_1cm.docx,33,"D. Đầu tư công, chuẩn bị dự án và giải phóng mặt bằng",Có bao nhiêu cây lâu năm/cụm cây nằm trong phạm vi dự án nếu AI nhận dạng được?,Bồi thường; nông nghiệp,Rút ngắn kiểm kê sơ bộ.,X
2D-D-05,Digital_Twin_2D_Phuong_Gia_Loc_Tay_Ninh_GSD_1cm.docx,33,"D. Đầu tư công, chuẩn bị dự án và giải phóng mặt bằng","Phương án A, B, C khác nhau thế nào về số nhà, diện tích công trình và đất nông nghiệp bị ảnh hưởng?",Lãnh đạo; Ban QLDA,Chọn phương án ít tác động hơn.,D
2D-D-06,Digital_Twin_2D_Phuong_Gia_Loc_Tay_Ninh_GSD_1cm.docx,33,"D. Đầu tư công, chuẩn bị dự án và giải phóng mặt bằng",Có thể tối ưu tuyến để tránh các cụm dân cư dày đặc hoặc vườn cây giá trị cao hay không?,Ban QLDA; tư vấn,Giảm chi phí GPMB tiềm năng.,K
2D-D-07,Digital_Twin_2D_Phuong_Gia_Loc_Tay_Ninh_GSD_1cm.docx,33,"D. Đầu tư công, chuẩn bị dự án và giải phóng mặt bằng",Khu vực dự án hiện có đường tiếp cận nào cho thi công?,Ban QLDA,Giảm thời gian khảo sát logistics.,D
2D-D-08,Digital_Twin_2D_Phuong_Gia_Loc_Tay_Ninh_GSD_1cm.docx,33,"D. Đầu tư công, chuẩn bị dự án và giải phóng mặt bằng",Bao nhiêu m² mặt bằng đang trống có thể dùng tạm làm bãi tập kết/đường công vụ?,Ban QLDA,Sàng lọc phương án tổ chức thi công.,K
2D-D-09,Digital_Twin_2D_Phuong_Gia_Loc_Tay_Ninh_GSD_1cm.docx,33,"D. Đầu tư công, chuẩn bị dự án và giải phóng mặt bằng",Tiến độ giải phóng mặt bằng nhìn từ hiện trạng giữa hai kỳ bay thay đổi ra sao?,UBND; Ban QLDA,Theo dõi tiến độ độc lập bằng ảnh.,D
2D-D-10,Digital_Twin_2D_Phuong_Gia_Loc_Tay_Ninh_GSD_1cm.docx,33,"D. Đầu tư công, chuẩn bị dự án và giải phóng mặt bằng",Công trình nào vẫn còn tồn tại trong khu vực đã có kế hoạch bàn giao mặt bằng?,Ban QLDA; địa chính,Tập trung xử lý nút thắt.,K
2D-D-11,Digital_Twin_2D_Phuong_Gia_Loc_Tay_Ninh_GSD_1cm.docx,33,"D. Đầu tư công, chuẩn bị dự án và giải phóng mặt bằng",Tỷ lệ mặt bằng đã san dọn so với tổng phạm vi dự án là bao nhiêu?,Ban QLDA,Theo dõi tiến độ theo diện tích.,D
2D-D-12,Digital_Twin_2D_Phuong_Gia_Loc_Tay_Ninh_GSD_1cm.docx,33,"D. Đầu tư công, chuẩn bị dự án và giải phóng mặt bằng",Có thể tạo báo cáo hiện trạng trước khi triển khai dự án để làm mốc so sánh sau này không?,Chủ đầu tư; UBND,Giảm tranh luận về hiện trạng trước/sau.,D
2D-E-01,Digital_Twin_2D_Phuong_Gia_Loc_Tay_Ninh_GSD_1cm.docx,36,"E. Nông nghiệp, cây trồng và quản lý vùng sản xuất",Tổng diện tích đang canh tác trong phường là bao nhiêu?,Sở NN&MT; đơn vị nông nghiệp,Thống kê hiện trạng nhanh.,D
2D-E-02,Digital_Twin_2D_Phuong_Gia_Loc_Tay_Ninh_GSD_1cm.docx,36,"E. Nông nghiệp, cây trồng và quản lý vùng sản xuất",Từng khu vực đang trồng nhóm cây gì nếu mô hình AI đã được huấn luyện?,Nông nghiệp; HTX,Cập nhật cơ cấu cây trồng.,X
2D-E-03,Digital_Twin_2D_Phuong_Gia_Loc_Tay_Ninh_GSD_1cm.docx,36,"E. Nông nghiệp, cây trồng và quản lý vùng sản xuất","Bao nhiêu diện tích cây ngắn ngày, cây lâu năm và đất bỏ trống?",Nông nghiệp,Lập kế hoạch sản xuất và chuyển đổi.,X
2D-E-04,Digital_Twin_2D_Phuong_Gia_Loc_Tay_Ninh_GSD_1cm.docx,36,"E. Nông nghiệp, cây trồng và quản lý vùng sản xuất",Có thể đếm bao nhiêu cây lâu năm trong một vùng/vườn cụ thể?,Nông nghiệp; bồi thường,Giảm đếm thủ công sơ bộ.,X
2D-E-05,Digital_Twin_2D_Phuong_Gia_Loc_Tay_Ninh_GSD_1cm.docx,36,"E. Nông nghiệp, cây trồng và quản lý vùng sản xuất",Khoảng cách/mật độ trồng cây trong vườn có đồng đều không?,Nông nghiệp,Phát hiện vùng trồng thiếu/cây chết.,D
2D-E-06,Digital_Twin_2D_Phuong_Gia_Loc_Tay_Ninh_GSD_1cm.docx,36,"E. Nông nghiệp, cây trồng và quản lý vùng sản xuất",Vùng nào có tỷ lệ tán cây thưa hoặc biến đổi màu sắc bất thường so với kỳ trước?,Nông nghiệp,Khoanh vùng cần kiểm tra sâu bệnh hoặc thiếu nước.,X
2D-E-07,Digital_Twin_2D_Phuong_Gia_Loc_Tay_Ninh_GSD_1cm.docx,36,"E. Nông nghiệp, cây trồng và quản lý vùng sản xuất",Diện tích ruộng/vườn bị ngập hoặc có nước đọng tại thời điểm bay là bao nhiêu?,Nông nghiệp; PCTT,Ước lượng nhanh vùng bị ảnh hưởng.,D
2D-E-08,Digital_Twin_2D_Phuong_Gia_Loc_Tay_Ninh_GSD_1cm.docx,36,"E. Nông nghiệp, cây trồng và quản lý vùng sản xuất","Các bờ thửa, đường nội đồng và mương tưới nhìn thấy được phân bố ra sao?",Nông nghiệp; thủy lợi,Quản lý hạ tầng sản xuất.,D
2D-E-09,Digital_Twin_2D_Phuong_Gia_Loc_Tay_Ninh_GSD_1cm.docx,36,"E. Nông nghiệp, cây trồng và quản lý vùng sản xuất",Bao nhiêu diện tích canh tác nằm trong vùng dự kiến làm đường/khu đô thị/công nghiệp?,Nông nghiệp; quy hoạch,Đánh giá tác động chuyển đổi đất.,K
2D-E-10,Digital_Twin_2D_Phuong_Gia_Loc_Tay_Ninh_GSD_1cm.docx,36,"E. Nông nghiệp, cây trồng và quản lý vùng sản xuất",Khu nào có dấu hiệu chuyển từ đất trồng sang xây dựng/san nền?,Sở NN&MT,Phát hiện biến động đất nông nghiệp.,K
2D-E-11,Digital_Twin_2D_Phuong_Gia_Loc_Tay_Ninh_GSD_1cm.docx,36,"E. Nông nghiệp, cây trồng và quản lý vùng sản xuất",Tỷ lệ phủ tán cây theo khu vực là bao nhiêu?,Nông nghiệp; môi trường,Theo dõi độ che phủ và sức sống tương đối.,D
2D-E-12,Digital_Twin_2D_Phuong_Gia_Loc_Tay_Ninh_GSD_1cm.docx,36,"E. Nông nghiệp, cây trồng và quản lý vùng sản xuất","Sau thiên tai, bao nhiêu diện tích cây trồng bị đổ, mất tán hoặc ngập nhìn thấy được?",Nông nghiệp; PCTT,Rút ngắn đánh giá thiệt hại ban đầu.,D
2D-F-01,Digital_Twin_2D_Phuong_Gia_Loc_Tay_Ninh_GSD_1cm.docx,39,"F. Môi trường, mặt nước và vệ sinh đô thị","Tổng diện tích mặt nước, ao hồ, kênh mương nhìn thấy được là bao nhiêu?",Sở NN&MT; UBND,Cập nhật inventory mặt nước.,D
2D-F-02,Digital_Twin_2D_Phuong_Gia_Loc_Tay_Ninh_GSD_1cm.docx,39,"F. Môi trường, mặt nước và vệ sinh đô thị",Khu vực nào có rác thải/tập kết vật liệu ngoài trời có thể nhận dạng trên ảnh?,Môi trường; UBND,Khoanh vùng kiểm tra vệ sinh môi trường.,X
2D-F-03,Digital_Twin_2D_Phuong_Gia_Loc_Tay_Ninh_GSD_1cm.docx,39,"F. Môi trường, mặt nước và vệ sinh đô thị",Có bao nhiêu điểm đổ rác mới xuất hiện so với lần bay trước?,Môi trường,Phát hiện sớm vi phạm tái diễn.,D
2D-F-04,Digital_Twin_2D_Phuong_Gia_Loc_Tay_Ninh_GSD_1cm.docx,39,"F. Môi trường, mặt nước và vệ sinh đô thị","Kênh/mương nào bị thực vật, rác hoặc vật cản che lấp rõ rệt?",Môi trường; thủy lợi,Ưu tiên nạo vét/kiểm tra.,D
2D-F-05,Digital_Twin_2D_Phuong_Gia_Loc_Tay_Ninh_GSD_1cm.docx,39,"F. Môi trường, mặt nước và vệ sinh đô thị",Tỷ lệ cây xanh và bề mặt thấm nước so với bề mặt bê tông hóa là bao nhiêu?,Môi trường; quy hoạch,Đánh giá áp lực đô thị hóa.,D
2D-F-06,Digital_Twin_2D_Phuong_Gia_Loc_Tay_Ninh_GSD_1cm.docx,39,"F. Môi trường, mặt nước và vệ sinh đô thị",Khu vực nào có diện tích đất trống/bare soil tăng nhanh?,Môi trường; xây dựng,"Nhận biết san lấp, khai thác hoặc chuẩn bị xây dựng.",D
2D-F-07,Digital_Twin_2D_Phuong_Gia_Loc_Tay_Ninh_GSD_1cm.docx,39,"F. Môi trường, mặt nước và vệ sinh đô thị",Có điểm nước đổi màu hoặc bề mặt bất thường cần lấy mẫu hay không?,Môi trường,"Chỉ điểm lấy mẫu, không thay thế xét nghiệm.",X
2D-F-08,Digital_Twin_2D_Phuong_Gia_Loc_Tay_Ninh_GSD_1cm.docx,39,"F. Môi trường, mặt nước và vệ sinh đô thị",Vùng cây xanh ven đường/kênh bị suy giảm ở đâu?,Môi trường; đô thị,Lập kế hoạch trồng bù.,D
2D-F-09,Digital_Twin_2D_Phuong_Gia_Loc_Tay_Ninh_GSD_1cm.docx,39,"F. Môi trường, mặt nước và vệ sinh đô thị",Bãi tập kết phế liệu/vật liệu có diện tích bao nhiêu và có mở rộng không?,Môi trường; xây dựng,Theo dõi footprint theo thời gian.,D
2D-F-10,Digital_Twin_2D_Phuong_Gia_Loc_Tay_Ninh_GSD_1cm.docx,39,"F. Môi trường, mặt nước và vệ sinh đô thị",Khu vực dân cư nào gần nhất với nguồn phát thải/hoạt động công nghiệp theo khoảng cách bản đồ?,Môi trường; Ban QL KKT,Sàng lọc vùng cần giám sát môi trường.,K
2D-G-01,Digital_Twin_2D_Phuong_Gia_Loc_Tay_Ninh_GSD_1cm.docx,42,"G. Giao thông, đường bộ và hạ tầng công cộng",Chiều rộng mặt đường thực tế theo từng đoạn là bao nhiêu?,Sở Xây dựng; đơn vị giao thông,Đo sơ bộ đồng loạt thay vì đo từng điểm.,D
2D-G-02,Digital_Twin_2D_Phuong_Gia_Loc_Tay_Ninh_GSD_1cm.docx,42,"G. Giao thông, đường bộ và hạ tầng công cộng","Đoạn nào bị thắt hẹp do công trình, cây, vật cản hoặc lấn chiếm nhìn thấy được?",UBND; giao thông,Khoanh vùng xử lý điểm nghẽn.,D
2D-G-03,Digital_Twin_2D_Phuong_Gia_Loc_Tay_Ninh_GSD_1cm.docx,42,"G. Giao thông, đường bộ và hạ tầng công cộng",Diện tích mặt đường cần duy tu/láng lại theo từng tuyến là bao nhiêu?,Đơn vị giao thông,Ước lượng khối lượng sơ bộ.,D
2D-G-04,Digital_Twin_2D_Phuong_Gia_Loc_Tay_Ninh_GSD_1cm.docx,42,"G. Giao thông, đường bộ và hạ tầng công cộng","Ổ gà, mảng vá hoặc hư hỏng bề mặt lớn có thể nhận dạng nằm ở đâu?",Giao thông,Tạo danh sách kiểm tra/duy tu có tọa độ.,X
2D-G-05,Digital_Twin_2D_Phuong_Gia_Loc_Tay_Ninh_GSD_1cm.docx,42,"G. Giao thông, đường bộ và hạ tầng công cộng","Vạch kẻ đường, đảo giao thông, lề đường và vỉa hè hiện trạng ra sao?",Giao thông; quản lý đô thị,Inventory tài sản đường bộ.,D
2D-G-06,Digital_Twin_2D_Phuong_Gia_Loc_Tay_Ninh_GSD_1cm.docx,42,"G. Giao thông, đường bộ và hạ tầng công cộng","Bãi đỗ xe, khu đỗ xe tự phát và điểm chiếm dụng lòng lề đường nằm ở đâu?",UBND; giao thông,Quản lý trật tự đô thị.,D
2D-G-07,Digital_Twin_2D_Phuong_Gia_Loc_Tay_Ninh_GSD_1cm.docx,42,"G. Giao thông, đường bộ và hạ tầng công cộng",Nút giao nào có hình học phức tạp hoặc tầm nhìn bị che bởi vật thể lớn trên mặt bằng?,Giao thông,Sàng lọc điểm cần khảo sát an toàn giao thông.,X
2D-G-08,Digital_Twin_2D_Phuong_Gia_Loc_Tay_Ninh_GSD_1cm.docx,42,"G. Giao thông, đường bộ và hạ tầng công cộng",Bao nhiêu km đường tiếp cận khu dân cư/khu sản xuất chưa được cứng hóa?,UBND; đầu tư công,Ưu tiên danh mục nâng cấp.,D
2D-G-09,Digital_Twin_2D_Phuong_Gia_Loc_Tay_Ninh_GSD_1cm.docx,42,"G. Giao thông, đường bộ và hạ tầng công cộng","Hệ thống biển báo, cột đèn hoặc tài sản ven đường nhìn thấy được có thể lập inventory không?",Giao thông; đô thị,Giảm kiểm kê thủ công nếu AI được huấn luyện.,X
2D-G-10,Digital_Twin_2D_Phuong_Gia_Loc_Tay_Ninh_GSD_1cm.docx,42,"G. Giao thông, đường bộ và hạ tầng công cộng",Nếu mở rộng tuyến đường thêm X m mỗi bên thì số công trình/cây bị ảnh hưởng là bao nhiêu?,Ban QLDA; giao thông,So sánh phương án mở rộng nhanh.,D
2D-H-01,Digital_Twin_2D_Phuong_Gia_Loc_Tay_Ninh_GSD_1cm.docx,45,"H. Thoát nước, thủy lợi, ngập và hành lang kênh","Mạng kênh, mương và rãnh hở nhìn thấy được dài bao nhiêu km?",Sở NN&MT; thủy lợi; đô thị,Lập inventory nhanh.,D
2D-H-02,Digital_Twin_2D_Phuong_Gia_Loc_Tay_Ninh_GSD_1cm.docx,45,"H. Thoát nước, thủy lợi, ngập và hành lang kênh",Đoạn nào bị che phủ bởi cây cỏ/rác/vật cản?,Thủy lợi; môi trường,"Ưu tiên kiểm tra, nạo vét.",D
2D-H-03,Digital_Twin_2D_Phuong_Gia_Loc_Tay_Ninh_GSD_1cm.docx,45,"H. Thoát nước, thủy lợi, ngập và hành lang kênh",Có công trình nào xây sát hoặc lấn vào hành lang kênh theo buffer quy định đang áp dụng?,Địa chính; xây dựng,Sàng lọc lấn chiếm.,K
2D-H-04,Digital_Twin_2D_Phuong_Gia_Loc_Tay_Ninh_GSD_1cm.docx,45,"H. Thoát nước, thủy lợi, ngập và hành lang kênh",Diện tích mặt nước đọng nhìn thấy được sau mưa ở từng khu vực là bao nhiêu?,Đô thị; PCTT,Khoanh vùng điểm ngập thực tế tại thời điểm bay.,D
2D-H-05,Digital_Twin_2D_Phuong_Gia_Loc_Tay_Ninh_GSD_1cm.docx,45,"H. Thoát nước, thủy lợi, ngập và hành lang kênh",Các cửa xả/rãnh hở nhìn thấy được nằm ở đâu và có bị che lấp không?,Đô thị; môi trường,Tạo danh sách kiểm tra.,X
2D-H-06,Digital_Twin_2D_Phuong_Gia_Loc_Tay_Ninh_GSD_1cm.docx,45,"H. Thoát nước, thủy lợi, ngập và hành lang kênh",Khu dân cư nào nằm gần kênh/mương nhất trong phạm vi X m?,PCTT; quy hoạch,Ưu tiên kiểm tra nguy cơ.,D
2D-H-07,Digital_Twin_2D_Phuong_Gia_Loc_Tay_Ninh_GSD_1cm.docx,45,"H. Thoát nước, thủy lợi, ngập và hành lang kênh",Bao nhiêu ha bề mặt không thấm nước nằm trong từng tiểu khu?,Quy hoạch; thoát nước,Đầu vào sơ bộ cho quy hoạch thoát nước.,D
2D-H-08,Digital_Twin_2D_Phuong_Gia_Loc_Tay_Ninh_GSD_1cm.docx,45,"H. Thoát nước, thủy lợi, ngập và hành lang kênh",Khu vực nào mất diện tích mặt nước hoặc mương so với kỳ trước?,Sở NN&MT,Phát hiện san lấp/biến động.,D
2D-H-09,Digital_Twin_2D_Phuong_Gia_Loc_Tay_Ninh_GSD_1cm.docx,45,"H. Thoát nước, thủy lợi, ngập và hành lang kênh","Có thể xác định hướng dòng chảy, độ dốc và cao độ chỉ từ bản đồ 2D hay không?",Thủy lợi; quy hoạch,"Không; cần dữ liệu cao độ/DTM, đây là lý do nâng cấp 3D/LiDAR.",X
2D-I-01,Digital_Twin_2D_Phuong_Gia_Loc_Tay_Ninh_GSD_1cm.docx,48,"I. Công nghiệp, phát triển kinh tế và thu hút đầu tư","Diện tích nhà xưởng, mái công nghiệp và sân bãi hiện hữu trong khu vực Phước Đông/Gia Lộc là bao nhiêu?",Ban QL KKT; Sở Tài chính,Cập nhật footprint công nghiệp.,D
2D-I-02,Digital_Twin_2D_Phuong_Gia_Loc_Tay_Ninh_GSD_1cm.docx,48,"I. Công nghiệp, phát triển kinh tế và thu hút đầu tư",Khu đất trống có khả năng phát triển nằm gần trục giao thông chính bao nhiêu mét?,Xúc tiến đầu tư; quy hoạch,Sàng lọc vị trí đầu tư.,K
2D-I-03,Digital_Twin_2D_Phuong_Gia_Loc_Tay_Ninh_GSD_1cm.docx,48,"I. Công nghiệp, phát triển kinh tế và thu hút đầu tư","Khoảng cách từ khu đất đến cổng KCN, đường chính, khu dân cư và hạ tầng công cộng là bao nhiêu?",Nhà đầu tư; Ban QL KKT,Rút ngắn khảo sát sơ bộ địa điểm.,D
2D-I-04,Digital_Twin_2D_Phuong_Gia_Loc_Tay_Ninh_GSD_1cm.docx,48,"I. Công nghiệp, phát triển kinh tế và thu hút đầu tư",Tỷ lệ lấp đầy bề mặt xây dựng của một khu/lô công nghiệp thay đổi theo thời gian ra sao?,Ban QL KKT,Theo dõi phát triển bằng dữ liệu độc lập.,D
2D-I-05,Digital_Twin_2D_Phuong_Gia_Loc_Tay_Ninh_GSD_1cm.docx,48,"I. Công nghiệp, phát triển kinh tế và thu hút đầu tư",Nhà xưởng nào có quỹ mái lớn phù hợp sàng lọc điện mặt trời?,Sở Công Thương; doanh nghiệp,Tạo shortlist nhanh.,D
2D-I-06,Digital_Twin_2D_Phuong_Gia_Loc_Tay_Ninh_GSD_1cm.docx,48,"I. Công nghiệp, phát triển kinh tế và thu hút đầu tư",Tuyến logistics nào có điểm nghẽn mặt bằng/đường hẹp rõ rệt?,Ban QL KKT; giao thông,Ưu tiên nâng cấp hạ tầng.,D
2D-I-07,Digital_Twin_2D_Phuong_Gia_Loc_Tay_Ninh_GSD_1cm.docx,48,"I. Công nghiệp, phát triển kinh tế và thu hút đầu tư",Khu vực nào có hoạt động san nền/xây dựng mới quanh khu công nghiệp?,Ban QL KKT; xây dựng,Theo dõi xu hướng đầu tư.,D
2D-I-08,Digital_Twin_2D_Phuong_Gia_Loc_Tay_Ninh_GSD_1cm.docx,48,"I. Công nghiệp, phát triển kinh tế và thu hút đầu tư","Có thể tạo hồ sơ vị trí trực quan cho nhà đầu tư với diện tích, tiếp cận đường, hiện trạng xung quanh và ảnh 1 cm hay không?",Xúc tiến đầu tư,Giảm vòng khảo sát sơ bộ.,K
2D-J-01,Digital_Twin_2D_Phuong_Gia_Loc_Tay_Ninh_GSD_1cm.docx,51,"J. PCCC, cứu nạn, an ninh và quản lý rủi ro",Các tuyến tiếp cận xe chữa cháy đến từng cụm công trình hiện có rộng bao nhiêu trên mặt bằng?,Công an/PCCC; UBND,Sàng lọc nơi tiếp cận khó.,D
2D-J-02,Digital_Twin_2D_Phuong_Gia_Loc_Tay_Ninh_GSD_1cm.docx,51,"J. PCCC, cứu nạn, an ninh và quản lý rủi ro",Khu vực nào có mật độ nhà/xưởng dày và khoảng cách ngang nhỏ?,PCCC; xây dựng,Ưu tiên kiểm tra nguy cơ lan cháy.,D
2D-J-03,Digital_Twin_2D_Phuong_Gia_Loc_Tay_Ninh_GSD_1cm.docx,51,"J. PCCC, cứu nạn, an ninh và quản lý rủi ro",Các khoảng trống/sân bãi nào có thể dùng làm điểm tập kết khẩn cấp?,PCCC; PCTT,Chuẩn bị phương án ứng cứu.,D
2D-J-04,Digital_Twin_2D_Phuong_Gia_Loc_Tay_Ninh_GSD_1cm.docx,51,"J. PCCC, cứu nạn, an ninh và quản lý rủi ro",Mặt nước/ao hồ nhìn thấy được gần khu dân cư/xưởng nhất ở đâu?,PCCC,"Sàng lọc nguồn nước tiềm năng, cần xác minh thực địa.",X
2D-J-05,Digital_Twin_2D_Phuong_Gia_Loc_Tay_Ninh_GSD_1cm.docx,51,"J. PCCC, cứu nạn, an ninh và quản lý rủi ro",Đường nào đang bị vật cản/thi công làm giảm khả năng tiếp cận?,PCCC; UBND,Cập nhật phương án tiếp cận.,D
2D-J-06,Digital_Twin_2D_Phuong_Gia_Loc_Tay_Ninh_GSD_1cm.docx,51,"J. PCCC, cứu nạn, an ninh và quản lý rủi ro",Nhà/xưởng nào nằm trong phạm vi X m từ nguồn nguy cơ đã biết khi chồng lớp dữ liệu chuyên ngành?,PCCC; môi trường,Khoanh vùng ưu tiên kiểm tra.,K
2D-J-07,Digital_Twin_2D_Phuong_Gia_Loc_Tay_Ninh_GSD_1cm.docx,51,"J. PCCC, cứu nạn, an ninh và quản lý rủi ro",Khu vực nào có mái/xưởng diện tích rất lớn cần lập phương án kiểm tra riêng?,PCCC,Ưu tiên nguồn lực kiểm tra.,D
2D-J-08,Digital_Twin_2D_Phuong_Gia_Loc_Tay_Ninh_GSD_1cm.docx,51,"J. PCCC, cứu nạn, an ninh và quản lý rủi ro","Có thể xác định chiều cao công trình, đường thoát nạn tầng cao từ 2D hay không?",PCCC,Không đầy đủ; cần 3D/LiDAR hoặc hồ sơ công trình.,X
2D-K-01,Digital_Twin_2D_Phuong_Gia_Loc_Tay_Ninh_GSD_1cm.docx,54,"K. Tài sản công, giáo dục, y tế và dịch vụ đô thị","Danh mục trường học, trụ sở, công viên, sân thể thao và tài sản công có footprint bao nhiêu?",UBND; Sở Tài chính; ngành chuyên môn,Kiểm kê trực quan tài sản mặt đất.,K
2D-K-02,Digital_Twin_2D_Phuong_Gia_Loc_Tay_Ninh_GSD_1cm.docx,54,"K. Tài sản công, giáo dục, y tế và dịch vụ đô thị",Diện tích sân chơi/cây xanh trong từng trường học là bao nhiêu?,Giáo dục; UBND,Đánh giá không gian sử dụng.,D
2D-K-03,Digital_Twin_2D_Phuong_Gia_Loc_Tay_Ninh_GSD_1cm.docx,54,"K. Tài sản công, giáo dục, y tế và dịch vụ đô thị",Mái công trình công có diện tích bao nhiêu và có khu vực hư hỏng lớn nhìn thấy được hay không?,Sở Tài chính; đơn vị quản lý tài sản,Lập kế hoạch kiểm tra bảo trì.,X
2D-K-04,Digital_Twin_2D_Phuong_Gia_Loc_Tay_Ninh_GSD_1cm.docx,54,"K. Tài sản công, giáo dục, y tế và dịch vụ đô thị","Khoảng cách từ khu dân cư đến trường, trạm y tế, chợ hoặc công viên gần nhất là bao nhiêu?",Quy hoạch; UBND,Đánh giá khả năng tiếp cận dịch vụ.,K
2D-K-05,Digital_Twin_2D_Phuong_Gia_Loc_Tay_Ninh_GSD_1cm.docx,54,"K. Tài sản công, giáo dục, y tế và dịch vụ đô thị",Khu dân cư nào nằm ngoài bán kính phục vụ X m của một tiện ích công cộng?,Quy hoạch,Chọn vị trí bổ sung dịch vụ.,K
2D-K-06,Digital_Twin_2D_Phuong_Gia_Loc_Tay_Ninh_GSD_1cm.docx,54,"K. Tài sản công, giáo dục, y tế và dịch vụ đô thị",Đất công nào có dấu hiệu bị sử dụng ngoài mục đích hoặc bị lấn chiếm?,UBND; Sở Tài chính; địa chính,Khoanh vùng kiểm tra.,K
2D-K-07,Digital_Twin_2D_Phuong_Gia_Loc_Tay_Ninh_GSD_1cm.docx,54,"K. Tài sản công, giáo dục, y tế và dịch vụ đô thị",Cây xanh trong khuôn viên công cộng có bao nhiêu tán cây và diện tích che phủ?,Đô thị; giáo dục,Quản lý cây xanh và bóng mát.,D
2D-K-08,Digital_Twin_2D_Phuong_Gia_Loc_Tay_Ninh_GSD_1cm.docx,54,"K. Tài sản công, giáo dục, y tế và dịch vụ đô thị","Có thể lập 'hồ sơ số' cho từng tài sản công với ảnh, footprint và lịch sử thay đổi hay không?",Sở Tài chính; UBND,Giảm kiểm kê lại và dễ truy vết.,K
2D-L-01,Digital_Twin_2D_Phuong_Gia_Loc_Tay_Ninh_GSD_1cm.docx,57,"L. Theo dõi biến động, thanh tra và kiểm tra theo rủi ro",Công trình nào xuất hiện mới giữa hai kỳ bay?,Xây dựng; địa chính,Tạo danh sách thay đổi tự động.,D
2D-L-02,Digital_Twin_2D_Phuong_Gia_Loc_Tay_Ninh_GSD_1cm.docx,57,"L. Theo dõi biến động, thanh tra và kiểm tra theo rủi ro",Công trình nào tăng diện tích mái hoặc mở rộng footprint?,Xây dựng,Sàng lọc xây dựng mở rộng.,D
2D-L-03,Digital_Twin_2D_Phuong_Gia_Loc_Tay_Ninh_GSD_1cm.docx,57,"L. Theo dõi biến động, thanh tra và kiểm tra theo rủi ro",Khu vực nào bị san lấp/phát quang mới?,NN&MT; xây dựng,Phát hiện thay đổi mặt bằng.,D
2D-L-04,Digital_Twin_2D_Phuong_Gia_Loc_Tay_Ninh_GSD_1cm.docx,57,"L. Theo dõi biến động, thanh tra và kiểm tra theo rủi ro",Đường nội bộ hoặc lối đi mới nào xuất hiện?,Địa chính; quy hoạch,Theo dõi hình thành hạ tầng tự phát.,D
2D-L-05,Digital_Twin_2D_Phuong_Gia_Loc_Tay_Ninh_GSD_1cm.docx,57,"L. Theo dõi biến động, thanh tra và kiểm tra theo rủi ro",Ao/mương/mặt nước nào bị thu hẹp hoặc biến mất?,NN&MT,Phát hiện biến động mặt nước.,D
2D-L-06,Digital_Twin_2D_Phuong_Gia_Loc_Tay_Ninh_GSD_1cm.docx,57,"L. Theo dõi biến động, thanh tra và kiểm tra theo rủi ro",Vùng cây lâu năm nào bị chặt giảm mạnh?,Nông nghiệp; môi trường,Theo dõi thay đổi vùng cây.,D
2D-L-07,Digital_Twin_2D_Phuong_Gia_Loc_Tay_Ninh_GSD_1cm.docx,57,"L. Theo dõi biến động, thanh tra và kiểm tra theo rủi ro",Bãi rác/vật liệu nào xuất hiện hoặc mở rộng?,Môi trường,Phát hiện tái diễn và định lượng diện tích.,D
2D-L-08,Digital_Twin_2D_Phuong_Gia_Loc_Tay_Ninh_GSD_1cm.docx,57,"L. Theo dõi biến động, thanh tra và kiểm tra theo rủi ro",Dự án nào có tiến độ mặt bằng chậm hơn kế hoạch khi so với kỳ trước?,Ban QLDA,Quản lý tiến độ dựa trên hiện trạng.,K
2D-L-09,Digital_Twin_2D_Phuong_Gia_Loc_Tay_Ninh_GSD_1cm.docx,57,"L. Theo dõi biến động, thanh tra và kiểm tra theo rủi ro",Có thể xếp hạng các điểm thay đổi theo diện tích/mức độ để cử đoàn kiểm tra 20 điểm quan trọng nhất?,UBND; thanh tra,Giảm kiểm tra dàn trải.,D
2D-L-10,Digital_Twin_2D_Phuong_Gia_Loc_Tay_Ninh_GSD_1cm.docx,57,"L. Theo dõi biến động, thanh tra và kiểm tra theo rủi ro","Có thể lưu lại bằng chứng hình ảnh theo ngày, khu vực và đối tượng để truy vết lịch sử không?",Tất cả đơn vị,Tạo hồ sơ thời gian thống nhất.,D
3D-A-01,Digital_Twin_3D_LiDAR_Phuong_Gia_Loc_Tay_Ninh.docx,23,A. Điều hành không gian 3D và mô phỏng phương án,"Từ một vị trí bất kỳ, công trình, cây xanh và địa hình che khuất tầm nhìn như thế nào?",UBND; quy hoạch; PCCC,Phân tích line-of-sight ngay trên mô hình.,D
3D-A-02,Digital_Twin_3D_LiDAR_Phuong_Gia_Loc_Tay_Ninh.docx,23,A. Điều hành không gian 3D và mô phỏng phương án,"Nếu xây một công trình cao X m tại vị trí A, nó nhìn thấy/che khuất những khu vực nào?",Sở Xây dựng; quy hoạch,Đánh giá tác động không gian trước thiết kế chi tiết.,D
3D-A-03,Digital_Twin_3D_LiDAR_Phuong_Gia_Loc_Tay_Ninh.docx,23,A. Điều hành không gian 3D và mô phỏng phương án,"Nếu nâng nền một khu đất thêm 0,5–1,0 m, lượng đất đắp sơ bộ bao nhiêu?",Ban QLDA; quy hoạch,Ước tính earthwork nhanh.,D
3D-A-04,Digital_Twin_3D_LiDAR_Phuong_Gia_Loc_Tay_Ninh.docx,23,A. Điều hành không gian 3D và mô phỏng phương án,"Nếu mở đường theo phương án A/B/C, phương án nào cần đào đắp ít nhất?",Ban QLDA; tư vấn,So sánh CAPEX sơ bộ bằng địa hình thật.,D
3D-A-05,Digital_Twin_3D_LiDAR_Phuong_Gia_Loc_Tay_Ninh.docx,23,A. Điều hành không gian 3D và mô phỏng phương án,Khu vực nào có cao độ thấp bất thường so với khu vực xung quanh?,PCTT; quy hoạch,Khoanh vùng ưu tiên nghiên cứu ngập.,D
3D-A-06,Digital_Twin_3D_LiDAR_Phuong_Gia_Loc_Tay_Ninh.docx,23,A. Điều hành không gian 3D và mô phỏng phương án,Có thể tạo mặt cắt 3D tức thời dọc bất kỳ tuyến đường/kênh/dự án nào không?,Tất cả đơn vị kỹ thuật,Loại bỏ nhiều lần đo mặt cắt sơ bộ.,D
3D-A-07,Digital_Twin_3D_LiDAR_Phuong_Gia_Loc_Tay_Ninh.docx,23,A. Điều hành không gian 3D và mô phỏng phương án,Khu vực nào thay đổi cao độ/khối lượng giữa hai kỳ quét?,Ban QLDA; NN&MT,"Theo dõi san lấp, đào đắp, stockpile.",D
3D-A-08,Digital_Twin_3D_LiDAR_Phuong_Gia_Loc_Tay_Ninh.docx,23,A. Điều hành không gian 3D và mô phỏng phương án,"Các phương án quy hoạch khác nhau làm thay đổi địa hình, thoát nước và khối lượng xây dựng ra sao?",Lãnh đạo; quy hoạch,Ra quyết định dựa trên mô phỏng.,K
3D-B-01,Digital_Twin_3D_LiDAR_Phuong_Gia_Loc_Tay_Ninh.docx,26,"B. Quy hoạch đô thị, kiến trúc và kiểm soát chiều cao",Chiều cao thực tế của từng khối công trình là bao nhiêu?,Sở Xây dựng; quy hoạch,Inventory chiều cao thay vì chỉ footprint.,D
3D-B-02,Digital_Twin_3D_LiDAR_Phuong_Gia_Loc_Tay_Ninh.docx,26,"B. Quy hoạch đô thị, kiến trúc và kiểm soát chiều cao",Công trình nào vượt ngưỡng chiều cao X m theo lớp quy hoạch được tích hợp?,Sở Xây dựng,Sàng lọc đối tượng cần kiểm tra.,K
3D-B-03,Digital_Twin_3D_LiDAR_Phuong_Gia_Loc_Tay_Ninh.docx,26,"B. Quy hoạch đô thị, kiến trúc và kiểm soát chiều cao",Thể tích khối tích công trình và hệ số sử dụng không gian thay đổi ra sao theo khu vực?,Quy hoạch,Đánh giá cường độ phát triển 3D.,K
3D-B-04,Digital_Twin_3D_LiDAR_Phuong_Gia_Loc_Tay_Ninh.docx,26,"B. Quy hoạch đô thị, kiến trúc và kiểm soát chiều cao","Mặt đứng công trình, mái dốc, mái bằng và thiết bị trên mái có hình học thế nào?",Xây dựng; PCCC,Hỗ trợ kiểm tra hiện trạng bên ngoài.,D
3D-B-05,Digital_Twin_3D_LiDAR_Phuong_Gia_Loc_Tay_Ninh.docx,26,"B. Quy hoạch đô thị, kiến trúc và kiểm soát chiều cao","Khoảng cách 3D giữa các khối nhà, mái và vật cản là bao nhiêu?",Xây dựng; PCCC,Đánh giá khoảng cách an toàn/khả năng tiếp cận.,D
3D-B-06,Digital_Twin_3D_LiDAR_Phuong_Gia_Loc_Tay_Ninh.docx,26,"B. Quy hoạch đô thị, kiến trúc và kiểm soát chiều cao",Bóng đổ của công trình theo thời điểm trong ngày/năm ảnh hưởng khu vực xung quanh thế nào?,Quy hoạch; kiến trúc,Đánh giá chiếu sáng tự nhiên sơ bộ.,K
3D-B-07,Digital_Twin_3D_LiDAR_Phuong_Gia_Loc_Tay_Ninh.docx,26,"B. Quy hoạch đô thị, kiến trúc và kiểm soát chiều cao",Tuyến nhìn/view corridor tới công trình công cộng hoặc điểm nhấn đô thị có bị che khuất không?,Quy hoạch,Bảo vệ không gian cảnh quan.,D
3D-B-08,Digital_Twin_3D_LiDAR_Phuong_Gia_Loc_Tay_Ninh.docx,26,"B. Quy hoạch đô thị, kiến trúc và kiểm soát chiều cao","Mặt bằng 3D nào phù hợp cho quảng trường, bãi đỗ, công viên hoặc công trình công cộng?",Quy hoạch; đầu tư,Đánh giá đồng thời diện tích và độ dốc.,D
3D-B-09,Digital_Twin_3D_LiDAR_Phuong_Gia_Loc_Tay_Ninh.docx,26,"B. Quy hoạch đô thị, kiến trúc và kiểm soát chiều cao",Có thể mô phỏng khối công trình dự kiến vào mô hình hiện trạng để xem xung đột không gian không?,Sở Xây dựng; tư vấn,Giảm vòng chỉnh sửa thiết kế.,K
3D-B-10,Digital_Twin_3D_LiDAR_Phuong_Gia_Loc_Tay_Ninh.docx,26,"B. Quy hoạch đô thị, kiến trúc và kiểm soát chiều cao",Khu vực nào có nhà/xưởng cao nằm sát đường hẹp hoặc mật độ cao?,PCCC; xây dựng,Ưu tiên kiểm tra rủi ro.,D
3D-B-11,Digital_Twin_3D_LiDAR_Phuong_Gia_Loc_Tay_Ninh.docx,26,"B. Quy hoạch đô thị, kiến trúc và kiểm soát chiều cao","Độ cao tán cây so với mái nhà, đường dây và công trình là bao nhiêu?",Đô thị; điện lực,Quản lý xung đột cây–hạ tầng.,D
3D-B-12,Digital_Twin_3D_LiDAR_Phuong_Gia_Loc_Tay_Ninh.docx,26,"B. Quy hoạch đô thị, kiến trúc và kiểm soát chiều cao",Mặt đứng tuyến phố thay đổi thế nào giữa hai kỳ cập nhật?,Quản lý đô thị,Theo dõi biến động không gian 3D.,D
3D-C-01,Digital_Twin_3D_LiDAR_Phuong_Gia_Loc_Tay_Ninh.docx,29,"C. Địa hình, đất đai và chuẩn bị mặt bằng",Cao độ địa hình tự nhiên tại từng điểm là bao nhiêu?,NN&MT; Ban QLDA,Dữ liệu nền cho quy hoạch và thiết kế sơ bộ.,D
3D-C-02,Digital_Twin_3D_LiDAR_Phuong_Gia_Loc_Tay_Ninh.docx,29,"C. Địa hình, đất đai và chuẩn bị mặt bằng",Độ dốc của từng khu đất và tỷ lệ diện tích theo cấp dốc là bao nhiêu?,Quy hoạch; đầu tư,Sàng lọc khả năng phát triển.,D
3D-C-03,Digital_Twin_3D_LiDAR_Phuong_Gia_Loc_Tay_Ninh.docx,29,"C. Địa hình, đất đai và chuẩn bị mặt bằng",Khu đất nào cần ít đào đắp nhất để đạt cao độ thiết kế?,Ban QLDA; nhà đầu tư,Ước lượng chi phí nền.,K
3D-C-04,Digital_Twin_3D_LiDAR_Phuong_Gia_Loc_Tay_Ninh.docx,29,"C. Địa hình, đất đai và chuẩn bị mặt bằng",Khối lượng đào/đắp sơ bộ giữa địa hình hiện trạng và mặt thiết kế là bao nhiêu?,Ban QLDA,Rút ngắn bóc tách sơ bộ.,K
3D-C-05,Digital_Twin_3D_LiDAR_Phuong_Gia_Loc_Tay_Ninh.docx,29,"C. Địa hình, đất đai và chuẩn bị mặt bằng","Có taluy, hố sâu, gò cao hoặc địa hình bất thường nào cần xử lý?",Xây dựng; PCTT,Phát hiện rủi ro địa hình.,D
3D-C-06,Digital_Twin_3D_LiDAR_Phuong_Gia_Loc_Tay_Ninh.docx,29,"C. Địa hình, đất đai và chuẩn bị mặt bằng",Ranh địa hình thực tế so với ranh dự án/địa chính chồng lớp như thế nào?,NN&MT; Ban QLDA,Giảm khảo sát sơ bộ.,K
3D-C-07,Digital_Twin_3D_LiDAR_Phuong_Gia_Loc_Tay_Ninh.docx,29,"C. Địa hình, đất đai và chuẩn bị mặt bằng",Khu vực san lấp mới có thể tích thay đổi bao nhiêu m³ so với kỳ trước?,NN&MT; xây dựng,Định lượng san lấp.,D
3D-C-08,Digital_Twin_3D_LiDAR_Phuong_Gia_Loc_Tay_Ninh.docx,29,"C. Địa hình, đất đai và chuẩn bị mặt bằng",Bãi đất/vật liệu có thể tích bao nhiêu?,Ban QLDA; môi trường,Inventory khối lượng nhanh.,D
3D-C-09,Digital_Twin_3D_LiDAR_Phuong_Gia_Loc_Tay_Ninh.docx,29,"C. Địa hình, đất đai và chuẩn bị mặt bằng",Có dấu hiệu xói mòn/rãnh xói và thể tích đất mất ở đâu?,NN&MT; nông nghiệp,Ưu tiên chống xói mòn.,D
3D-C-10,Digital_Twin_3D_LiDAR_Phuong_Gia_Loc_Tay_Ninh.docx,29,"C. Địa hình, đất đai và chuẩn bị mặt bằng","Mức chênh cao giữa khu dân cư, đường và ruộng/vườn xung quanh là bao nhiêu?",PCTT; quy hoạch,Hiểu nguy cơ dòng chảy/ngập.,D
3D-D-01,Digital_Twin_3D_LiDAR_Phuong_Gia_Loc_Tay_Ninh.docx,32,"D. Xây dựng, thi công và quản lý dự án",Tiến độ khối lượng san nền đã hoàn thành bao nhiêu %?,Ban QLDA; chủ đầu tư,Đo tiến độ bằng khối lượng thay vì báo cáo thủ công.,K
3D-D-02,Digital_Twin_3D_LiDAR_Phuong_Gia_Loc_Tay_Ninh.docx,32,"D. Xây dựng, thi công và quản lý dự án",Khối lượng đào/đắp thực tế từ kỳ quét trước đến kỳ quét này là bao nhiêu?,Ban QLDA,Theo dõi thanh toán/tiến độ sơ bộ.,D
3D-D-03,Digital_Twin_3D_LiDAR_Phuong_Gia_Loc_Tay_Ninh.docx,32,"D. Xây dựng, thi công và quản lý dự án",Cao độ nền thực tế có đạt thiết kế tại các vùng chính không?,Tư vấn giám sát; Ban QLDA,Khoanh vùng cần đo kiểm chi tiết.,K
3D-D-04,Digital_Twin_3D_LiDAR_Phuong_Gia_Loc_Tay_Ninh.docx,32,"D. Xây dựng, thi công và quản lý dự án",Kích thước ngoài và cao độ của công trình đã thi công khác mô hình thiết kế ở đâu?,Tư vấn; xây dựng,As-built comparison.,K
3D-D-05,Digital_Twin_3D_LiDAR_Phuong_Gia_Loc_Tay_Ninh.docx,32,"D. Xây dựng, thi công và quản lý dự án","Thể tích đống vật liệu, đất đá, cát tại công trường là bao nhiêu?",Ban QLDA; nhà thầu,Giảm đo thủ công stockpile.,D
3D-D-06,Digital_Twin_3D_LiDAR_Phuong_Gia_Loc_Tay_Ninh.docx,32,"D. Xây dựng, thi công và quản lý dự án",Đường công vụ có độ dốc/chiều rộng/điểm thắt nào gây khó cho xe tải?,Ban QLDA,Tối ưu logistics thi công.,D
3D-D-07,Digital_Twin_3D_LiDAR_Phuong_Gia_Loc_Tay_Ninh.docx,32,"D. Xây dựng, thi công và quản lý dự án",Thiết bị/công trình tạm có xung đột với hành lang thi công không?,Nhà thầu; Ban QLDA,Giảm xung đột hiện trường.,K
3D-D-08,Digital_Twin_3D_LiDAR_Phuong_Gia_Loc_Tay_Ninh.docx,32,"D. Xây dựng, thi công và quản lý dự án",Có thể tái dựng tiến độ 3D theo tuần/tháng để chứng minh trạng thái tại từng thời điểm không?,Chủ đầu tư; giám sát,Tăng truy vết và minh bạch.,D
3D-D-09,Digital_Twin_3D_LiDAR_Phuong_Gia_Loc_Tay_Ninh.docx,32,"D. Xây dựng, thi công và quản lý dự án","Khối lượng mặt bằng đã giải tỏa, đã san lấp và chưa xử lý là bao nhiêu?",Ban QLDA,Theo dõi GPMB + thi công trên một mô hình.,K
3D-D-10,Digital_Twin_3D_LiDAR_Phuong_Gia_Loc_Tay_Ninh.docx,32,"D. Xây dựng, thi công và quản lý dự án",Các điểm có sai khác lớn hơn ngưỡng X cm/m so với thiết kế nằm ở đâu?,Tư vấn giám sát,Kiểm tra có mục tiêu; phụ thuộc accuracy/QC.,X
3D-E-01,Digital_Twin_3D_LiDAR_Phuong_Gia_Loc_Tay_Ninh.docx,35,"E. Giao thông, mặt cắt đường và an toàn",Mặt cắt ngang thực tế của đường tại mỗi lý trình là gì?,Giao thông; tư vấn,Tạo hàng trăm mặt cắt tự động.,D
3D-E-02,Digital_Twin_3D_LiDAR_Phuong_Gia_Loc_Tay_Ninh.docx,35,"E. Giao thông, mặt cắt đường và an toàn",Độ dốc dọc tuyến đường là bao nhiêu và điểm đổi dốc nằm ở đâu?,Giao thông,Đầu vào thiết kế/duy tu.,D
3D-E-03,Digital_Twin_3D_LiDAR_Phuong_Gia_Loc_Tay_Ninh.docx,35,"E. Giao thông, mặt cắt đường và an toàn",Độ dốc ngang/camber mặt đường có bất thường ở đâu?,Giao thông,Sàng lọc điểm thoát nước kém.,X
3D-E-04,Digital_Twin_3D_LiDAR_Phuong_Gia_Loc_Tay_Ninh.docx,35,"E. Giao thông, mặt cắt đường và an toàn","Lề đường, bó vỉa và vỉa hè có cao độ tương quan thế nào?",Đô thị; giao thông,Đánh giá tiếp cận và thoát nước.,D
3D-E-05,Digital_Twin_3D_LiDAR_Phuong_Gia_Loc_Tay_Ninh.docx,35,"E. Giao thông, mặt cắt đường và an toàn",Khoảng tĩnh không dưới đường dây/cổng/cầu trên tuyến là bao nhiêu?,Giao thông; điện lực,Phục vụ xe quá khổ và an toàn.,D
3D-E-06,Digital_Twin_3D_LiDAR_Phuong_Gia_Loc_Tay_Ninh.docx,35,"E. Giao thông, mặt cắt đường và an toàn","Tầm nhìn dừng xe tại nút giao/đường cong có bị địa hình, cây hoặc công trình che không?",Giao thông,Sàng lọc điểm mất an toàn.,D
3D-E-07,Digital_Twin_3D_LiDAR_Phuong_Gia_Loc_Tay_Ninh.docx,35,"E. Giao thông, mặt cắt đường và an toàn",Khối lượng đào đắp nếu mở rộng đường mỗi bên X m là bao nhiêu?,Ban QLDA,So sánh phương án và ngân sách.,K
3D-E-08,Digital_Twin_3D_LiDAR_Phuong_Gia_Loc_Tay_Ninh.docx,35,"E. Giao thông, mặt cắt đường và an toàn",Đoạn đường nào bị lún/trũng rõ rệt so với các đoạn lân cận?,Giao thông,Khoanh vùng kiểm tra cao độ.,X
3D-E-09,Digital_Twin_3D_LiDAR_Phuong_Gia_Loc_Tay_Ninh.docx,35,"E. Giao thông, mặt cắt đường và an toàn",Cây ven đường nào xâm phạm khoảng không xe tải/biển báo/đèn đường?,Đô thị; giao thông,Quản lý cắt tỉa có mục tiêu.,D
3D-E-10,Digital_Twin_3D_LiDAR_Phuong_Gia_Loc_Tay_Ninh.docx,35,"E. Giao thông, mặt cắt đường và an toàn",Có thể mô phỏng đường đi của phương tiện cứu hỏa/xe lớn theo bề rộng và tĩnh không 3D không?,PCCC; giao thông,Xác nhận hành lang tiếp cận tốt hơn 2D.,K
3D-F-01,Digital_Twin_3D_LiDAR_Phuong_Gia_Loc_Tay_Ninh.docx,38,"F. Thoát nước, ngập, thủy lợi và địa hình dòng chảy",Các điểm trũng cục bộ của địa hình nằm ở đâu?,PCTT; đô thị,Khoanh vùng nguy cơ tích nước.,D
3D-F-02,Digital_Twin_3D_LiDAR_Phuong_Gia_Loc_Tay_Ninh.docx,38,"F. Thoát nước, ngập, thủy lợi và địa hình dòng chảy","Nếu có trận mưa thiết kế, nước có xu hướng chảy theo hướng nào trên bề mặt?",Thoát nước; tư vấn,Mô phỏng khi có DTM và thông số thủy văn.,K
3D-F-03,Digital_Twin_3D_LiDAR_Phuong_Gia_Loc_Tay_Ninh.docx,38,"F. Thoát nước, ngập, thủy lợi và địa hình dòng chảy",Khu vực nào có đường/đê/bờ cao tạo thành vật cản dòng chảy?,PCTT; thủy lợi,Phát hiện nút cản địa hình.,D
3D-F-04,Digital_Twin_3D_LiDAR_Phuong_Gia_Loc_Tay_Ninh.docx,38,"F. Thoát nước, ngập, thủy lợi và địa hình dòng chảy",Cao độ đáy rãnh/kênh hở và bờ kênh nhìn thấy được là bao nhiêu?,Thủy lợi; đô thị,Tạo profile/mặt cắt nhanh.,D
3D-F-05,Digital_Twin_3D_LiDAR_Phuong_Gia_Loc_Tay_Ninh.docx,38,"F. Thoát nước, ngập, thủy lợi và địa hình dòng chảy",Độ dốc dọc của kênh/rãnh hở có điểm bất thường ở đâu?,Thủy lợi,Ưu tiên nạo vét/chỉnh sửa.,D
3D-F-06,Digital_Twin_3D_LiDAR_Phuong_Gia_Loc_Tay_Ninh.docx,38,"F. Thoát nước, ngập, thủy lợi và địa hình dòng chảy",Dung tích hình học của ao/hồ phía trên mực nước hiện tại có thể ước tính thế nào?,Thủy lợi; môi trường,Hỗ trợ quản lý hồ/điều tiết; phần chìm cần dữ liệu bathymetry.,X
3D-F-07,Digital_Twin_3D_LiDAR_Phuong_Gia_Loc_Tay_Ninh.docx,38,"F. Thoát nước, ngập, thủy lợi và địa hình dòng chảy","Nếu nâng nền một khu đô thị, dòng chảy bề mặt xung quanh có thể bị chuyển hướng ra sao?",Quy hoạch; thoát nước,Đánh giá tác động phương án.,K
3D-F-08,Digital_Twin_3D_LiDAR_Phuong_Gia_Loc_Tay_Ninh.docx,38,"F. Thoát nước, ngập, thủy lợi và địa hình dòng chảy",Bản đồ ngập giả định 10/20/50 cm có bao nhiêu nhà/đường nằm trong vùng thấp?,PCTT; UBND,Đánh giá phơi nhiễm theo kịch bản cao độ.,K
3D-F-09,Digital_Twin_3D_LiDAR_Phuong_Gia_Loc_Tay_Ninh.docx,38,"F. Thoát nước, ngập, thủy lợi và địa hình dòng chảy",Khu vực nào cần đặt cống/rãnh bổ sung nếu mục tiêu là đưa nước về tuyến thoát hiện hữu?,Tư vấn; đô thị,Hỗ trợ lựa chọn sơ bộ.,K
3D-F-10,Digital_Twin_3D_LiDAR_Phuong_Gia_Loc_Tay_Ninh.docx,38,"F. Thoát nước, ngập, thủy lợi và địa hình dòng chảy",Có thể biết chính xác đáy sông/kênh dưới mặt nước từ LiDAR địa hình thông thường không?,Thủy lợi,Không; cần bathymetric LiDAR/sonar hoặc đo thủy đạc.,X
3D-G-01,Digital_Twin_3D_LiDAR_Phuong_Gia_Loc_Tay_Ninh.docx,41,"G. Nông nghiệp, cây lâu năm và cấu trúc tán cây",Chiều cao từng cây/tán cây là bao nhiêu?,Nông nghiệp; đô thị,Phân loại tuổi/kích thước tương đối và quản lý cây.,D
3D-G-02,Digital_Twin_3D_LiDAR_Phuong_Gia_Loc_Tay_Ninh.docx,41,"G. Nông nghiệp, cây lâu năm và cấu trúc tán cây",Thể tích/tán cây và mật độ canopy theo vùng là bao nhiêu?,Nông nghiệp; môi trường,Theo dõi sinh khối proxy và độ che phủ.,D
3D-G-03,Digital_Twin_3D_LiDAR_Phuong_Gia_Loc_Tay_Ninh.docx,41,"G. Nông nghiệp, cây lâu năm và cấu trúc tán cây",Vườn nào có cây thấp/bị khuyết tán khác biệt so với lân cận?,Nông nghiệp,Khoanh vùng kiểm tra sức khỏe cây.,X
3D-G-04,Digital_Twin_3D_LiDAR_Phuong_Gia_Loc_Tay_Ninh.docx,41,"G. Nông nghiệp, cây lâu năm và cấu trúc tán cây","Có thể đếm cây và đồng thời gắn chiều cao, đường kính tán cho từng cây không?",Nông nghiệp,Biến từng cây thành một đối tượng quản lý.,D
3D-G-05,Digital_Twin_3D_LiDAR_Phuong_Gia_Loc_Tay_Ninh.docx,41,"G. Nông nghiệp, cây lâu năm và cấu trúc tán cây",Độ dốc vi địa hình trong ruộng/vườn ảnh hưởng thoát nước ở đâu?,Nông nghiệp; thủy lợi,Thiết kế mương/thoát nước tốt hơn.,D
3D-G-06,Digital_Twin_3D_LiDAR_Phuong_Gia_Loc_Tay_Ninh.docx,41,"G. Nông nghiệp, cây lâu năm và cấu trúc tán cây",Khu vườn nào thấp hơn tuyến kênh/đường xung quanh và dễ tích nước?,Nông nghiệp; PCTT,Ưu tiên cải tạo thủy lợi.,D
3D-G-07,Digital_Twin_3D_LiDAR_Phuong_Gia_Loc_Tay_Ninh.docx,41,"G. Nông nghiệp, cây lâu năm và cấu trúc tán cây",Cây nào xung đột với đường điện/công trình/tuyến giao thông về chiều cao?,Nông nghiệp; điện lực; đô thị,Lập kế hoạch cắt tỉa có mục tiêu.,D
3D-G-08,Digital_Twin_3D_LiDAR_Phuong_Gia_Loc_Tay_Ninh.docx,41,"G. Nông nghiệp, cây lâu năm và cấu trúc tán cây","Sau bão, bao nhiêu cây bị đổ/nghiêng và mất chiều cao/tán đáng kể?",Nông nghiệp; PCTT,Đánh giá thiệt hại nhanh hơn.,D
3D-G-09,Digital_Twin_3D_LiDAR_Phuong_Gia_Loc_Tay_Ninh.docx,41,"G. Nông nghiệp, cây lâu năm và cấu trúc tán cây",Có thể ước tính thể tích tán hoặc chỉ số cấu trúc vườn theo từng lô không?,Nông nghiệp,So sánh hiệu quả canh tác theo không gian.,D
3D-G-10,Digital_Twin_3D_LiDAR_Phuong_Gia_Loc_Tay_Ninh.docx,41,"G. Nông nghiệp, cây lâu năm và cấu trúc tán cây","LiDAR có tự xác định chính xác giống cây, bệnh cây hay năng suất không?",Nông nghiệp,"Không tự động; cần ảnh đa phổ/RGB, mô hình chuyên ngành và ground truth.",X
3D-H-01,Digital_Twin_3D_LiDAR_Phuong_Gia_Loc_Tay_Ninh.docx,44,"H. Điện, viễn thông và hạ tầng kỹ thuật trên không",Đường dây điện cao bao nhiêu so với mặt đất tại từng vị trí?,Điện lực; an toàn,Kiểm tra tĩnh không theo tuyến.,D
3D-H-02,Digital_Twin_3D_LiDAR_Phuong_Gia_Loc_Tay_Ninh.docx,44,"H. Điện, viễn thông và hạ tầng kỹ thuật trên không",Khoảng cách từ dây điện đến tán cây/công trình gần nhất là bao nhiêu?,Điện lực,Ưu tiên cắt tỉa và kiểm tra hành lang.,D
3D-H-03,Digital_Twin_3D_LiDAR_Phuong_Gia_Loc_Tay_Ninh.docx,44,"H. Điện, viễn thông và hạ tầng kỹ thuật trên không",Điểm võng thấp nhất của đường dây nằm ở đâu?,Điện lực,Sàng lọc điểm nguy cơ tĩnh không.,D
3D-H-04,Digital_Twin_3D_LiDAR_Phuong_Gia_Loc_Tay_Ninh.docx,44,"H. Điện, viễn thông và hạ tầng kỹ thuật trên không",Cột điện/cột viễn thông nào nghiêng bất thường so với lân cận?,Điện lực; viễn thông,Tạo danh sách kiểm tra.,X
3D-H-05,Digital_Twin_3D_LiDAR_Phuong_Gia_Loc_Tay_Ninh.docx,44,"H. Điện, viễn thông và hạ tầng kỹ thuật trên không",Tuyến nào có cây mọc xâm nhập hành lang theo ngưỡng X m?,Điện lực,Tự động hóa vegetation management.,D
3D-H-06,Digital_Twin_3D_LiDAR_Phuong_Gia_Loc_Tay_Ninh.docx,44,"H. Điện, viễn thông và hạ tầng kỹ thuật trên không",Vị trí nào phù hợp đặt trạm/camera/anten để tối đa line-of-sight?,Viễn thông; an ninh,Giảm khảo sát vị trí thử-sai.,D
3D-H-07,Digital_Twin_3D_LiDAR_Phuong_Gia_Loc_Tay_Ninh.docx,44,"H. Điện, viễn thông và hạ tầng kỹ thuật trên không",Khu vực nào bị che khuất sóng theo mô hình địa hình/công trình sơ bộ?,Viễn thông,Hỗ trợ quy hoạch phủ sóng.,K
3D-H-08,Digital_Twin_3D_LiDAR_Phuong_Gia_Loc_Tay_Ninh.docx,44,"H. Điện, viễn thông và hạ tầng kỹ thuật trên không",Chiều cao và khoảng cách giữa các cột/hạ tầng trên không có thể inventory tự động không?,Điện lực; viễn thông,Tạo asset database 3D.,X
3D-H-09,Digital_Twin_3D_LiDAR_Phuong_Gia_Loc_Tay_Ninh.docx,44,"H. Điện, viễn thông và hạ tầng kỹ thuật trên không",Có thể đo chính xác đường ống/cáp ngầm bằng LiDAR trên không không?,Hạ tầng kỹ thuật,Không; cần hồ sơ utility/GPR/khảo sát chuyên dụng.,X
3D-I-01,Digital_Twin_3D_LiDAR_Phuong_Gia_Loc_Tay_Ninh.docx,47,"I. Môi trường, cây xanh, vật liệu và khối lượng",Bãi rác/đống vật liệu có thể tích bao nhiêu m³?,Môi trường; UBND,Định lượng để lập kế hoạch vận chuyển/xử lý.,D
3D-I-02,Digital_Twin_3D_LiDAR_Phuong_Gia_Loc_Tay_Ninh.docx,47,"I. Môi trường, cây xanh, vật liệu và khối lượng",Thể tích thay đổi của bãi tập kết giữa hai kỳ là bao nhiêu?,Môi trường; công nghiệp,Theo dõi phát sinh/xử lý.,D
3D-I-03,Digital_Twin_3D_LiDAR_Phuong_Gia_Loc_Tay_Ninh.docx,47,"I. Môi trường, cây xanh, vật liệu và khối lượng","Cây xanh đô thị có chiều cao, đường kính tán và khoảng cách đến công trình thế nào?",Đô thị; môi trường,Quản lý cây xanh theo từng cá thể.,D
3D-I-04,Digital_Twin_3D_LiDAR_Phuong_Gia_Loc_Tay_Ninh.docx,47,"I. Môi trường, cây xanh, vật liệu và khối lượng",Vùng xói mòn có thể tích mất đất bao nhiêu?,NN&MT,Định lượng mức độ xói mòn.,D
3D-I-05,Digital_Twin_3D_LiDAR_Phuong_Gia_Loc_Tay_Ninh.docx,47,"I. Môi trường, cây xanh, vật liệu và khối lượng",Taluy/bờ kênh có độ dốc lớn bất thường ở đâu?,PCTT; NN&MT,Sàng lọc nguy cơ sạt.,D
3D-I-06,Digital_Twin_3D_LiDAR_Phuong_Gia_Loc_Tay_Ninh.docx,47,"I. Môi trường, cây xanh, vật liệu và khối lượng",Địa hình bãi chứa/ao lắng công nghiệp thay đổi thế nào?,Ban QL KKT; môi trường,Theo dõi hình học và khối lượng.,D
3D-I-07,Digital_Twin_3D_LiDAR_Phuong_Gia_Loc_Tay_Ninh.docx,47,"I. Môi trường, cây xanh, vật liệu và khối lượng",Có thể suy ra nồng độ ô nhiễm nước/không khí từ mô hình 3D không?,Môi trường,Không; cần sensor/lấy mẫu chuyên ngành.,X
3D-I-08,Digital_Twin_3D_LiDAR_Phuong_Gia_Loc_Tay_Ninh.docx,47,"I. Môi trường, cây xanh, vật liệu và khối lượng",Khu dân cư nào nằm dưới hướng lan truyền giả định từ một nguồn phát khi kết hợp mô hình gió?,Môi trường; PCTT,Mô phỏng rủi ro khi tích hợp mô hình chuyên ngành.,K
3D-J-01,Digital_Twin_3D_LiDAR_Phuong_Gia_Loc_Tay_Ninh.docx,50,"J. Khu công nghiệp, PCCC và ứng cứu khẩn cấp",Chiều cao nhà xưởng và thiết bị mái tại từng khu là bao nhiêu?,PCCC; Ban QL KKT,Lập phương án tiếp cận phù hợp.,D
3D-J-02,Digital_Twin_3D_LiDAR_Phuong_Gia_Loc_Tay_Ninh.docx,50,"J. Khu công nghiệp, PCCC và ứng cứu khẩn cấp",Khoảng cách 3D giữa các nhà xưởng có đủ cho hành lang tiếp cận theo tiêu chí kiểm tra không?,PCCC; xây dựng,Sàng lọc điểm cần kiểm tra hồ sơ.,K
3D-J-03,Digital_Twin_3D_LiDAR_Phuong_Gia_Loc_Tay_Ninh.docx,50,"J. Khu công nghiệp, PCCC và ứng cứu khẩn cấp",Xe thang/thiết bị cứu hộ có thể tiếp cận cạnh nào của công trình theo bề rộng và tĩnh không?,PCCC,Lập phương án cứu hộ thực tế hơn.,K
3D-J-04,Digital_Twin_3D_LiDAR_Phuong_Gia_Loc_Tay_Ninh.docx,50,"J. Khu công nghiệp, PCCC và ứng cứu khẩn cấp","Vị trí tập kết lực lượng nào vừa phẳng, đủ rộng và không bị vật cản trên cao?",PCCC; PCTT,Chọn staging area nhanh.,D
3D-J-05,Digital_Twin_3D_LiDAR_Phuong_Gia_Loc_Tay_Ninh.docx,50,"J. Khu công nghiệp, PCCC và ứng cứu khẩn cấp",Camera giám sát đặt ở đâu để giảm điểm mù quanh nhà xưởng?,An ninh; Ban QL KKT,Tối ưu line-of-sight.,D
3D-J-06,Digital_Twin_3D_LiDAR_Phuong_Gia_Loc_Tay_Ninh.docx,50,"J. Khu công nghiệp, PCCC và ứng cứu khẩn cấp",Đường thoát xe tải/xe cứu hỏa nào có điểm nghẽn chiều cao hoặc độ dốc?,PCCC; giao thông,Rà soát hành lang cứu hộ.,D
3D-J-07,Digital_Twin_3D_LiDAR_Phuong_Gia_Loc_Tay_Ninh.docx,50,"J. Khu công nghiệp, PCCC và ứng cứu khẩn cấp","Bồn/bể/thiết bị ngoài trời có kích thước, vị trí và khoảng cách đến công trình lân cận thế nào?",PCCC; an toàn công nghiệp,Inventory hình học bên ngoài.,D
3D-J-08,Digital_Twin_3D_LiDAR_Phuong_Gia_Loc_Tay_Ninh.docx,50,"J. Khu công nghiệp, PCCC và ứng cứu khẩn cấp","Nếu một khu vực bị ngập X cm theo kịch bản, tuyến ứng cứu nào còn khả dụng?",PCCC; PCTT,Lập phương án dự phòng.,K
3D-J-09,Digital_Twin_3D_LiDAR_Phuong_Gia_Loc_Tay_Ninh.docx,50,"J. Khu công nghiệp, PCCC và ứng cứu khẩn cấp","Mô hình 3D có thay thế kiểm định kết cấu, PCCC hoặc hồ sơ an toàn nhà xưởng không?",PCCC; xây dựng,"Không; chỉ hỗ trợ inventory, sàng lọc và lập phương án.",X
3D-K-01,Digital_Twin_3D_LiDAR_Phuong_Gia_Loc_Tay_Ninh.docx,53,"K. Tài sản công, bảo trì và quản lý vòng đời","Mỗi công trình công có footprint, chiều cao, thể tích khối và mái như thế nào?",Sở Tài chính; đơn vị quản lý,Tạo hồ sơ tài sản 3D.,D
3D-K-02,Digital_Twin_3D_LiDAR_Phuong_Gia_Loc_Tay_Ninh.docx,53,"K. Tài sản công, bảo trì và quản lý vòng đời","Mái, bậc, taluy, tường rào hoặc sân có biến dạng hình học lớn qua thời gian không?",Đơn vị quản lý tài sản,Khoanh vùng cần kiểm định.,X
3D-K-03,Digital_Twin_3D_LiDAR_Phuong_Gia_Loc_Tay_Ninh.docx,53,"K. Tài sản công, bảo trì và quản lý vòng đời",Thể tích đào đắp/sửa chữa tại một công trình công cộng là bao nhiêu?,Ban QLDA,Ước lượng khối lượng nhanh.,D
3D-K-04,Digital_Twin_3D_LiDAR_Phuong_Gia_Loc_Tay_Ninh.docx,53,"K. Tài sản công, bảo trì và quản lý vòng đời",Cây lớn nào có nguy cơ va chạm mái/đường dây/tường rào theo khoảng cách 3D?,Đô thị; đơn vị tài sản,Bảo trì phòng ngừa.,D
3D-K-05,Digital_Twin_3D_LiDAR_Phuong_Gia_Loc_Tay_Ninh.docx,53,"K. Tài sản công, bảo trì và quản lý vòng đời",Khuôn viên trường/trạm có độ dốc và tuyến tiếp cận phù hợp cho người khuyết tật không?,Giáo dục; y tế; xây dựng,Sàng lọc accessibility; cần đối chiếu tiêu chuẩn.,K
3D-K-06,Digital_Twin_3D_LiDAR_Phuong_Gia_Loc_Tay_Ninh.docx,53,"K. Tài sản công, bảo trì và quản lý vòng đời","Mô hình 3D có thể liên kết mã tài sản, hồ sơ bảo trì và ảnh theo thời gian không?",Sở Tài chính,Quản lý vòng đời trên một giao diện.,K
3D-K-07,Digital_Twin_3D_LiDAR_Phuong_Gia_Loc_Tay_Ninh.docx,53,"K. Tài sản công, bảo trì và quản lý vòng đời",Khu vực nào của tài sản công bị bồi lấp/sụt nền hoặc thay đổi cao độ đáng kể?,Đơn vị quản lý,Phát hiện biến động cần kiểm tra.,X
3D-K-08,Digital_Twin_3D_LiDAR_Phuong_Gia_Loc_Tay_Ninh.docx,53,"K. Tài sản công, bảo trì và quản lý vòng đời",Có thể tính diện tích bề mặt mái/tường để lập dự toán sơn/chống thấm sơ bộ không?,Đơn vị quản lý,Rút ngắn đo bóc sơ bộ.,D
3D-L-01,Digital_Twin_3D_LiDAR_Phuong_Gia_Loc_Tay_Ninh.docx,56,"L. Theo dõi biến dạng, thay đổi và 'as-built' theo thời gian",Địa hình khu vực nào tăng/giảm cao độ đáng kể so với kỳ trước?,NN&MT; xây dựng,"Phát hiện san lấp, sụt/lún hoặc đào đắp.",D
3D-L-02,Digital_Twin_3D_LiDAR_Phuong_Gia_Loc_Tay_Ninh.docx,56,"L. Theo dõi biến dạng, thay đổi và 'as-built' theo thời gian",Khối lượng thay đổi theo voxel/surface giữa hai kỳ là bao nhiêu?,Ban QLDA; môi trường,"Định lượng thay đổi, không chỉ nhìn ảnh.",D
3D-L-03,Digital_Twin_3D_LiDAR_Phuong_Gia_Loc_Tay_Ninh.docx,56,"L. Theo dõi biến dạng, thay đổi và 'as-built' theo thời gian",Công trình nào tăng chiều cao hoặc thay đổi hình khối?,Sở Xây dựng,Theo dõi xây dựng 3D.,D
3D-L-04,Digital_Twin_3D_LiDAR_Phuong_Gia_Loc_Tay_Ninh.docx,56,"L. Theo dõi biến dạng, thay đổi và 'as-built' theo thời gian",Cây nào tăng trưởng/giảm chiều cao tán đáng kể?,Nông nghiệp; đô thị,Quản lý cây theo thời gian.,D
3D-L-05,Digital_Twin_3D_LiDAR_Phuong_Gia_Loc_Tay_Ninh.docx,56,"L. Theo dõi biến dạng, thay đổi và 'as-built' theo thời gian",Đường/taluy/kênh nào có biến dạng vượt ngưỡng sai số đo?,Giao thông; PCTT,Sàng lọc vị trí cần khảo sát kỹ.,X
3D-L-06,Digital_Twin_3D_LiDAR_Phuong_Gia_Loc_Tay_Ninh.docx,56,"L. Theo dõi biến dạng, thay đổi và 'as-built' theo thời gian",Mặt bằng dự án hiện tại khác mô hình thiết kế ở đâu và bao nhiêu?,Ban QLDA,As-built QA/QC.,K
3D-L-07,Digital_Twin_3D_LiDAR_Phuong_Gia_Loc_Tay_Ninh.docx,56,"L. Theo dõi biến dạng, thay đổi và 'as-built' theo thời gian",Có thể tạo timeline 3D trước–trong–sau dự án để giải quyết tranh chấp hiện trạng không?,Chủ đầu tư; UBND,Tăng truy vết và minh bạch.,D
3D-L-08,Digital_Twin_3D_LiDAR_Phuong_Gia_Loc_Tay_Ninh.docx,56,"L. Theo dõi biến dạng, thay đổi và 'as-built' theo thời gian",Có thể phát hiện lún vài mm bằng LiDAR UAV thông thường không?,Xây dựng; địa kỹ thuật,"Không nên mặc định; phụ thuộc hệ thống, control và phương pháp chuyên dụng.",X
